pitcher_id,pitch_type,pitch_count,num_clusters,top_cluster,top_cluster_pct,top_3_clusters_pct,top_5_clusters_pct,concentration,entropy,consistency_score,num_clusters_used,cluster_rank1,cluster_rank1_pct,cluster_rank2,cluster_rank2_pct,cluster_rank3,cluster_rank3_pct
434378,CH,21,14,cube4_cluster0,19.05,42.86,57.13999999999999,19.05,2.4910574769568457,19.05,14,cube4_cluster0,19.05,cube14_cluster0,14.29,cube15_cluster0,9.52
434378,CU,22,18,cube4_cluster0,9.09,27.27,40.91,9.09,2.84026844408468,9.09,18,cube4_cluster0,9.09,cube5_cluster0,9.09,cube3_cluster0,9.09
434378,FF,41,20,cube4_cluster0,21.95,39.03,53.67,21.95,2.720235362947437,21.95,20,cube4_cluster0,21.95,cube5_cluster0,9.76,cube14_cluster0,7.32
434378,SL,46,20,cube4_cluster0,13.04,32.61,47.83,13.04,2.8126206955753332,13.04,20,cube4_cluster0,13.04,cube22_cluster0,10.87,cube6_cluster3,8.7
434378,ST,9,7,cube4_cluster0,33.33,55.55,77.77,33.33,1.8309373740652377,33.33,7,cube4_cluster0,33.33,cube5_cluster0,11.11,cube57_cluster1,11.11
455119,FC,18,12,cube4_cluster0,33.33,50.0,61.120000000000005,33.33,2.2169256437927163,33.33,12,cube4_cluster0,33.33,cube12_cluster0,11.11,cube6_cluster2,5.56
455119,FF,24,13,cube4_cluster0,20.83,41.66,58.31999999999999,20.83,2.4167854604179286,20.83,13,cube4_cluster0,20.83,cube24_cluster2,12.5,cube22_cluster0,8.33
455119,FS,18,14,cube23_cluster1,16.67,38.89,50.010000000000005,16.67,2.5541607717860315,16.67,14,cube23_cluster1,16.67,cube24_cluster2,11.11,cube23_cluster0,11.11
455119,SI,6,5,cube58_cluster0,33.33,66.67,100.01,33.33,1.560812674895181,33.33,5,cube58_cluster0,33.33,cube5_cluster0,16.67,cube43_cluster0,16.67
472610,FF,7,7,cube3_cluster0,14.29,42.87,71.44999999999999,14.29,1.9461938771045295,14.29,7,cube3_cluster0,14.29,cube22_cluster0,14.29,cube13_cluster0,14.29
472610,FS,7,7,cube5_cluster0,14.29,42.87,71.44999999999999,14.29,1.9461938771045295,14.29,7,cube5_cluster0,14.29,cube6_cluster0,14.29,cube66_cluster0,14.29
472610,SI,7,6,cube23_cluster1,28.57,57.15,85.72999999999999,28.57,1.748067149102356,28.57,6,cube23_cluster1,28.57,cube72_cluster0,14.29,cube67_cluster0,14.29
472610,ST,49,26,cube4_cluster0,14.29,34.69,46.92999999999999,14.29,3.0045769688445874,14.29,26,cube4_cluster0,14.29,cube5_cluster0,12.24,cube67_cluster0,8.16
489446,FF,49,25,cube4_cluster0,14.29,30.61,44.88999999999999,14.29,2.997645088143335,14.29,25,cube4_cluster0,14.29,cube15_cluster1,8.16,cube14_cluster0,8.16
489446,FS,77,33,cube4_cluster0,10.39,24.67,35.050000000000004,10.39,3.276757667614197,10.39,33,cube4_cluster0,10.39,cube14_cluster0,7.79,cube5_cluster0,6.49
518397,SI,12,12,cube66_cluster0,8.33,24.990000000000002,41.65,8.33,2.4843126071174164,8.33,12,cube66_cluster0,8.33,cube43_cluster0,8.33,cube5_cluster0,8.33
518397,SL,36,21,cube4_cluster0,16.67,36.11,47.230000000000004,16.67,2.8478975560966955,16.67,21,cube4_cluster0,16.67,cube13_cluster0,11.11,cube22_cluster0,8.33
518585,FF,8,8,cube67_cluster0,12.5,37.5,62.5,12.5,2.0794415416798357,12.5,8,cube67_cluster0,12.5,cube5_cluster1,12.5,cube52_cluster1,12.5
518585,FS,64,31,cube4_cluster0,12.5,28.130000000000003,40.63,12.5,3.184727815022692,12.5,31,cube4_cluster0,12.5,cube5_cluster0,9.38,cube13_cluster0,6.25
518585,SI,24,16,cube5_cluster0,16.67,41.67,54.17,16.67,2.6012560116427412,16.67,16,cube5_cluster0,16.67,cube4_cluster0,16.67,cube14_cluster0,8.33
518585,SL,24,13,cube13_cluster0,16.67,45.84,66.67,16.67,2.3841243542199955,16.67,13,cube13_cluster0,16.67,cube5_cluster0,16.67,cube22_cluster0,12.5
519151,CH,16,13,cube5_cluster0,18.75,37.5,50.0,18.75,2.4799555205445176,18.75,13,cube5_cluster0,18.75,cube15_cluster1,12.5,cube14_cluster0,6.25
519151,CU,56,30,cube4_cluster0,10.71,28.57,42.86,10.71,3.15411466112942,10.71,30,cube4_cluster0,10.71,cube13_cluster0,8.93,cube22_cluster0,8.93
519151,FF,96,41,cube4_cluster0,14.58,27.08,35.42,14.58,3.3934615907469103,14.58,41,cube4_cluster0,14.58,cube22_cluster0,8.33,cube33_cluster0,4.17
519151,SL,96,35,cube5_cluster0,11.46,29.17,40.63,11.46,3.2408807665449313,11.46,35,cube5_cluster0,11.46,cube4_cluster0,10.42,cube13_cluster0,7.29
542888,FC,30,24,cube34_cluster0,10.0,23.340000000000003,36.68000000000001,10.0,3.1052035362310653,10.0,24,cube34_cluster0,10.0,cube23_cluster1,6.67,cube24_cluster2,6.67
542888,FF,54,28,cube5_cluster0,11.11,25.93,38.900000000000006,11.11,3.1532131599102304,11.11,28,cube5_cluster0,11.11,cube13_cluster0,7.41,cube4_cluster0,7.41
542888,SI,42,25,cube4_cluster0,11.9,30.94,42.839999999999996,11.9,3.0376909661043303,11.9,25,cube4_cluster0,11.9,cube6_cluster3,9.52,cube13_cluster0,9.52
542888,ST,36,21,cube4_cluster0,13.89,30.549999999999997,41.67,13.89,2.908457845979674,13.89,21,cube4_cluster0,13.89,cube15_cluster1,8.33,cube5_cluster0,8.33
547973,FF,72,28,cube22_cluster0,13.89,31.939999999999998,47.209999999999994,13.89,3.0283439513537953,13.89,28,cube22_cluster0,13.89,cube23_cluster1,9.72,cube5_cluster0,8.33
547973,SL,8,7,cube4_cluster0,25.0,50.0,75.0,25.0,1.9061547465398496,25.0,7,cube4_cluster0,25.0,cube5_cluster0,12.5,cube66_cluster0,12.5
571927,CH,56,29,cube4_cluster0,16.07,28.57,39.29,16.07,3.1506777829378985,16.07,29,cube4_cluster0,16.07,cube22_cluster0,7.14,cube5_cluster0,5.36
571927,CU,64,28,cube4_cluster0,17.19,34.38,46.88,17.19,3.0114130286879486,17.19,28,cube4_cluster0,17.19,cube13_cluster0,9.38,cube5_cluster0,7.81
571927,SI,288,51,cube4_cluster0,16.32,32.64,43.4,16.32,3.3479717699121982,16.32,51,cube4_cluster0,16.32,cube5_cluster0,9.38,cube14_cluster0,6.94
571927,SL,16,11,cube4_cluster0,31.25,50.0,62.5,31.25,2.182995977034132,31.25,11,cube4_cluster0,31.25,cube23_cluster1,12.5,cube34_cluster0,6.25
571946,FF,42,25,cube4_cluster0,14.29,30.95,42.849999999999994,14.29,3.026979727263005,14.29,25,cube4_cluster0,14.29,cube23_cluster1,9.52,cube24_cluster1,7.14
571946,FS,35,21,cube23_cluster0,14.29,31.43,42.85,14.29,2.8998402716380216,14.29,21,cube23_cluster0,14.29,cube4_cluster0,8.57,cube5_cluster0,8.57
571946,SL,7,6,cube5_cluster0,28.57,57.15,85.72999999999999,28.57,1.748067149102356,28.57,6,cube5_cluster0,28.57,cube3_cluster0,14.29,cube66_cluster0,14.29
573124,SI,60,32,cube4_cluster0,16.67,35.0,45.0,16.67,3.1504558293620324,16.67,32,cube4_cluster0,16.67,cube5_cluster0,10.0,cube13_cluster0,8.33
573124,ST,30,21,cube4_cluster0,13.33,33.33,46.67,13.33,2.9030151654272203,13.33,21,cube4_cluster0,13.33,cube13_cluster0,10.0,cube5_cluster0,10.0
592332,FF,360,52,cube4_cluster0,14.72,30.0,39.72,14.72,3.4223820856909706,14.72,52,cube4_cluster0,14.72,cube13_cluster0,8.61,cube5_cluster0,6.67
592332,FS,200,47,cube4_cluster0,17.0,34.5,45.5,17.0,3.281688345287664,17.0,47,cube4_cluster0,17.0,cube5_cluster0,11.0,cube22_cluster0,6.5
592332,SL,136,48,cube4_cluster0,10.29,25.0,33.09,10.29,3.5618323464815416,10.29,48,cube4_cluster0,10.29,cube5_cluster0,9.56,cube13_cluster0,5.15
592426,CU,12,7,cube4_cluster0,33.33,66.67,83.33,33.33,1.7916109435599088,33.33,7,cube4_cluster0,33.33,cube12_cluster0,16.67,cube23_cluster0,16.67
592426,FF,18,15,cube13_cluster0,11.11,33.33,44.45,11.11,2.6602907735512935,11.11,15,cube13_cluster0,11.11,cube4_cluster0,11.11,cube3_cluster0,11.11
592426,SL,36,24,cube4_cluster0,11.11,27.779999999999998,38.9,11.11,3.0458002934098545,11.11,24,cube4_cluster0,11.11,cube5_cluster0,11.11,cube14_cluster0,5.56
593974,CH,56,28,cube5_cluster0,10.71,32.13,46.410000000000004,10.71,3.079688319408496,10.71,28,cube5_cluster0,10.71,cube4_cluster0,10.71,cube22_cluster0,10.71
593974,SI,40,23,cube4_cluster0,12.5,30.0,42.5,12.5,2.9763342814794864,12.5,23,cube4_cluster0,12.5,cube5_cluster0,10.0,cube33_cluster0,7.5
593974,SL,8,7,cube77_cluster0,25.0,50.0,75.0,25.0,1.9061547465398496,25.0,7,cube77_cluster0,25.0,cube12_cluster0,12.5,cube3_cluster0,12.5
596001,CH,12,10,cube13_cluster0,16.67,41.67,58.33,16.67,2.253514338452689,16.67,10,cube13_cluster0,16.67,cube23_cluster0,16.67,cube59_cluster2,8.33
596001,FF,8,6,cube22_cluster0,25.0,62.5,87.5,25.0,1.7328679513998633,25.0,6,cube22_cluster0,25.0,cube13_cluster0,25.0,cube57_cluster0,12.5
596001,ST,40,24,cube12_cluster0,10.0,25.0,40.0,10.0,3.04737953626153,10.0,24,cube12_cluster0,10.0,cube13_cluster0,7.5,cube5_cluster0,7.5
600917,CH,21,13,cube5_cluster0,19.05,42.86,61.89999999999999,19.05,2.4250698653675387,19.05,13,cube5_cluster0,19.05,cube4_cluster0,14.29,cube24_cluster0,9.52
600917,CU,7,7,cube33_cluster0,14.29,42.87,71.44999999999999,14.29,1.9461938771045295,14.29,7,cube33_cluster0,14.29,cube23_cluster0,14.29,cube22_cluster0,14.29
600917,FF,42,23,cube4_cluster0,14.29,35.709999999999994,47.60999999999999,14.29,2.91389753309425,14.29,23,cube4_cluster0,14.29,cube13_cluster0,11.9,cube24_cluster0,9.52
600917,SI,7,6,cube4_cluster0,28.57,57.15,85.72999999999999,28.57,1.748067149102356,28.57,6,cube4_cluster0,28.57,cube13_cluster0,14.29,cube43_cluster0,14.29
600917,SL,49,27,cube5_cluster0,12.24,30.599999999999998,42.839999999999996,12.24,3.08991527007749,12.24,27,cube5_cluster0,12.24,cube4_cluster0,10.2,cube13_cluster0,8.16
605447,FF,63,30,cube4_cluster0,12.7,28.580000000000002,41.28,12.7,3.1378344144439776,12.7,30,cube4_cluster0,12.7,cube23_cluster1,7.94,cube14_cluster0,7.94
605447,SL,91,37,cube4_cluster0,17.58,35.16,48.339999999999996,17.58,3.1600230183465623,17.58,37,cube4_cluster0,17.58,cube23_cluster0,8.79,cube22_cluster0,8.79
606303,CH,6,5,cube4_cluster0,33.33,66.67,100.01,33.33,1.560812674895181,33.33,5,cube4_cluster0,33.33,cube51_cluster0,16.67,cube50_cluster0,16.67
606303,FF,30,23,cube5_cluster0,13.33,26.67,40.010000000000005,13.33,3.030271739265806,13.33,23,cube5_cluster0,13.33,cube22_cluster0,6.67,cube42_cluster1,6.67
606303,SI,6,6,cube14_cluster0,16.67,50.010000000000005,83.35000000000001,16.67,1.7919178011232335,16.67,6,cube14_cluster0,16.67,cube13_cluster0,16.67,cube66_cluster0,16.67
606303,ST,48,27,cube4_cluster0,12.5,29.17,37.510000000000005,12.5,3.121534372179244,12.5,27,cube4_cluster0,12.5,cube14_cluster0,10.42,cube22_cluster0,6.25
606930,FC,152,41,cube4_cluster0,21.05,33.550000000000004,44.730000000000004,21.05,3.182864605581601,21.05,41,cube4_cluster0,21.05,cube22_cluster0,6.58,cube5_cluster0,5.92
606930,FF,32,23,cube5_cluster0,12.5,31.25,43.75,12.5,2.9869773334679377,12.5,23,cube5_cluster0,12.5,cube13_cluster0,12.5,cube23_cluster1,6.25
607200,CH,32,21,cube4_cluster0,12.5,28.130000000000003,40.63,12.5,2.927989107122494,12.5,21,cube4_cluster0,12.5,cube14_cluster0,9.38,cube65_cluster0,6.25
607200,FC,168,41,cube4_cluster0,13.1,27.98,39.29,13.1,3.3520459439599404,13.1,41,cube4_cluster0,13.1,cube5_cluster0,8.93,cube23_cluster1,5.95
607200,SI,160,40,cube4_cluster0,13.75,31.249999999999996,44.379999999999995,13.75,3.2638772564604333,13.75,40,cube4_cluster0,13.75,cube5_cluster0,10.62,cube3_cluster0,6.88
607200,ST,160,44,cube4_cluster0,11.25,25.0,34.370000000000005,11.25,3.4672625644680704,11.25,44,cube4_cluster0,11.25,cube5_cluster0,7.5,cube22_cluster0,6.25
607259,CH,132,44,cube4_cluster0,18.18,31.82,40.919999999999995,18.18,3.320137973772864,18.18,44,cube4_cluster0,18.18,cube5_cluster0,9.09,cube13_cluster0,4.55
607259,CU,42,23,cube4_cluster0,16.67,40.480000000000004,54.76,16.67,2.826758311406466,16.67,23,cube4_cluster0,16.67,cube5_cluster0,14.29,cube22_cluster0,9.52
607259,FC,168,48,cube4_cluster0,14.29,30.36,43.46,14.29,3.392212276087638,14.29,48,cube4_cluster0,14.29,cube22_cluster0,8.33,cube5_cluster0,7.74
607259,FF,66,31,cube4_cluster0,19.7,36.37,45.46999999999999,19.7,3.086761292003313,19.7,31,cube4_cluster0,19.7,cube22_cluster0,10.61,cube5_cluster0,6.06
607259,SI,114,38,cube4_cluster0,14.91,34.209999999999994,46.489999999999995,14.91,3.1738284243649177,14.91,38,cube4_cluster0,14.91,cube22_cluster0,10.53,cube5_cluster0,8.77
607259,SL,30,17,cube4_cluster0,16.67,36.67,53.34,16.67,2.6641412097013846,16.67,17,cube4_cluster0,16.67,cube23_cluster0,10.0,cube33_cluster0,10.0
607481,CU,16,13,cube4_cluster0,12.5,37.5,50.0,12.5,2.512658529529802,12.5,13,cube4_cluster0,12.5,cube66_cluster0,12.5,cube33_cluster0,12.5
607481,FF,56,26,cube23_cluster0,12.5,32.14,48.21,12.5,2.9979426247402987,12.5,26,cube23_cluster0,12.5,cube4_cluster0,10.71,cube5_cluster0,8.93
607481,SI,40,24,cube23_cluster0,10.0,27.5,42.5,10.0,3.012722177233533,10.0,24,cube23_cluster0,10.0,cube22_cluster0,10.0,cube3_cluster0,7.5
607481,ST,48,25,cube5_cluster0,12.5,29.17,41.67,12.5,3.0308744776702983,12.5,25,cube5_cluster0,12.5,cube4_cluster0,10.42,cube78_cluster1,6.25
607625,CH,54,24,cube23_cluster1,9.26,27.78,44.45,9.26,2.9590629361871827,9.26,24,cube23_cluster1,9.26,cube23_cluster0,9.26,cube4_cluster0,9.26
607625,CS,36,22,cube4_cluster0,13.89,36.11,47.230000000000004,13.89,2.8990690259453427,13.89,22,cube4_cluster0,13.89,cube23_cluster0,11.11,cube14_cluster0,11.11
607625,CU,102,40,cube4_cluster0,19.61,30.39,40.19,19.61,3.2748553106946603,19.61,40,cube4_cluster0,19.61,cube3_cluster0,5.88,cube13_cluster0,4.9
607625,FC,72,33,cube4_cluster0,16.67,34.730000000000004,44.46000000000001,16.67,3.1512697640343,16.67,33,cube4_cluster0,16.67,cube5_cluster0,12.5,cube15_cluster0,5.56
607625,FF,156,47,cube4_cluster0,15.38,27.56,36.54,15.38,3.460529903516931,15.38,47,cube4_cluster0,15.38,cube23_cluster0,7.05,cube14_cluster0,5.13
607625,SI,48,23,cube5_cluster0,14.58,37.49,52.07,14.58,2.858483600832579,14.58,23,cube5_cluster0,14.58,cube4_cluster0,14.58,cube24_cluster0,8.33
607625,SL,18,13,cube6_cluster3,16.67,38.89,55.56,16.67,2.4769631178405356,16.67,13,cube6_cluster3,16.67,cube4_cluster0,11.11,cube13_cluster1,11.11
607625,SV,24,15,cube4_cluster0,12.5,37.5,54.16,12.5,2.593292212470863,12.5,15,cube4_cluster0,12.5,cube5_cluster0,12.5,cube23_cluster1,12.5
608331,CH,72,28,cube4_cluster0,22.22,37.489999999999995,49.989999999999995,22.22,2.9322621904519814,22.22,28,cube4_cluster0,22.22,cube5_cluster0,8.33,cube13_cluster0,6.94
608331,CU,136,42,cube4_cluster0,13.24,30.150000000000002,41.18,13.24,3.3554904387527307,13.24,42,cube4_cluster0,13.24,cube22_cluster0,8.82,cube5_cluster0,8.09
608331,FC,272,54,cube4_cluster0,13.97,28.669999999999998,38.230000000000004,13.97,3.4954963302789173,13.97,54,cube4_cluster0,13.97,cube5_cluster0,8.82,cube13_cluster0,5.88
608331,FF,80,30,cube4_cluster0,15.0,28.75,38.75,15.0,3.1459000932281507,15.0,30,cube4_cluster0,15.0,cube5_cluster0,7.5,cube14_cluster0,6.25
608331,SI,112,38,cube4_cluster0,15.18,30.36,41.97,15.18,3.2445224080040007,15.18,38,cube4_cluster0,15.18,cube5_cluster0,8.93,cube23_cluster0,6.25
608331,SL,8,8,cube4_cluster0,12.5,37.5,62.5,12.5,2.0794415416798357,12.5,8,cube4_cluster0,12.5,cube32_cluster0,12.5,cube23_cluster0,12.5
608331,ST,104,38,cube4_cluster0,11.54,29.81,40.39,11.54,3.3146622446725242,11.54,38,cube4_cluster0,11.54,cube5_cluster0,10.58,cube23_cluster0,7.69
608371,FF,21,15,cube5_cluster0,19.05,38.09,52.37,19.05,2.5818571041722724,19.05,15,cube5_cluster0,19.05,cube24_cluster2,9.52,cube22_cluster0,9.52
608371,SI,7,6,cube5_cluster0,28.57,57.15,85.72999999999999,28.57,1.748067149102356,28.57,6,cube5_cluster0,28.57,cube22_cluster0,14.29,cube57_cluster0,14.29
608371,ST,49,27,cube4_cluster0,12.24,28.56,40.8,12.24,3.107521412911539,12.24,27,cube4_cluster0,12.24,cube24_cluster0,10.2,cube23_cluster0,6.12
608717,CH,30,18,cube65_cluster1,16.67,43.34,56.68000000000001,16.67,2.661563119619583,16.67,18,cube65_cluster1,16.67,cube4_cluster0,16.67,cube14_cluster0,10.0
608717,CU,18,13,cube4_cluster0,16.67,38.89,55.56,16.67,2.4769631178405356,16.67,13,cube4_cluster0,16.67,cube77_cluster0,11.11,cube5_cluster0,11.11
608717,FF,66,31,cube5_cluster0,12.12,30.309999999999995,42.43,12.12,3.176027877515433,12.12,31,cube5_cluster0,12.12,cube4_cluster0,10.61,cube12_cluster0,7.58
608717,SL,6,6,cube5_cluster0,16.67,50.010000000000005,83.35000000000001,16.67,1.7919178011232335,16.67,6,cube5_cluster0,16.67,cube52_cluster0,16.67,cube44_cluster0,16.67
608718,FF,18,12,cube4_cluster0,22.22,44.44,61.11,22.22,2.351878162139882,22.22,12,cube4_cluster0,22.22,cube66_cluster0,11.11,cube22_cluster0,11.11
608718,SI,30,22,cube4_cluster0,13.33,33.33,43.33,13.33,2.949007937619897,13.33,22,cube4_cluster0,13.33,cube66_cluster0,10.0,cube23_cluster1,10.0
608718,SL,18,16,cube22_cluster0,11.11,27.779999999999998,38.9,11.11,2.7374884274967894,11.11,16,cube22_cluster0,11.11,cube15_cluster1,11.11,cube5_cluster0,5.56
614179,FF,21,15,cube4_cluster0,9.52,28.56,47.599999999999994,9.52,2.6477788792018244,9.52,15,cube4_cluster0,9.52,cube14_cluster0,9.52,cube57_cluster0,9.52
621053,CH,6,6,cube4_cluster0,16.67,50.010000000000005,83.35000000000001,16.67,1.7919178011232335,16.67,6,cube4_cluster0,16.67,cube5_cluster0,16.67,cube67_cluster2,16.67
621053,FC,6,6,cube3_cluster0,16.67,50.010000000000005,83.35000000000001,16.67,1.7919178011232335,16.67,6,cube3_cluster0,16.67,cube59_cluster1,16.67,cube67_cluster1,16.67
621053,FF,18,10,cube4_cluster0,22.22,44.44,66.66,22.22,2.1974828542488907,22.22,10,cube4_cluster0,22.22,cube23_cluster1,11.11,cube6_cluster3,11.11
621053,SI,12,10,cube4_cluster0,25.0,41.66,58.31999999999999,25.0,2.209808045618035,25.0,10,cube4_cluster0,25.0,cube67_cluster0,8.33,cube43_cluster0,8.33
621053,ST,24,18,cube22_cluster0,12.5,33.33,45.83,12.5,2.7887934594797494,12.5,18,cube22_cluster0,12.5,cube78_cluster1,12.5,cube14_cluster0,8.33
621111,CH,24,17,cube4_cluster0,12.5,33.33,49.989999999999995,12.5,2.7308365139480735,12.5,17,cube4_cluster0,12.5,cube58_cluster0,12.5,cube12_cluster0,8.33
621111,FC,160,42,cube4_cluster0,10.62,29.369999999999997,43.739999999999995,10.62,3.301114145847662,10.62,42,cube4_cluster0,10.62,cube3_cluster0,10.0,cube5_cluster0,8.75
621111,FF,224,48,cube4_cluster0,12.5,24.1,34.370000000000005,12.5,3.448436285315274,12.5,48,cube4_cluster0,12.5,cube13_cluster0,5.8,cube5_cluster0,5.8
621111,KC,88,39,cube4_cluster0,11.36,30.68,39.779999999999994,11.36,3.3299115114675395,11.36,39,cube4_cluster0,11.36,cube13_cluster0,10.23,cube22_cluster0,9.09
621111,SI,48,25,cube4_cluster0,16.67,33.33,47.91,16.67,2.963789719274953,16.67,25,cube4_cluster0,16.67,cube22_cluster0,8.33,cube23_cluster1,8.33
621111,ST,120,42,cube5_cluster0,9.17,23.340000000000003,33.34,9.17,3.4463470965902254,9.17,42,cube5_cluster0,9.17,cube4_cluster0,7.5,cube13_cluster0,6.67
621345,CH,24,14,cube5_cluster0,25.0,45.83,62.489999999999995,25.0,2.420005417330877,25.0,14,cube5_cluster0,25.0,cube23_cluster1,12.5,cube4_cluster0,8.33
621345,FC,80,33,cube5_cluster0,13.75,33.75,46.25,13.75,3.134507589124854,13.75,33,cube5_cluster0,13.75,cube4_cluster0,11.25,cube3_cluster0,8.75
621345,FF,48,25,cube4_cluster0,16.67,31.25,43.75,16.67,3.0001856291348488,16.67,25,cube4_cluster0,16.67,cube12_cluster0,8.33,cube67_cluster0,6.25
621363,FF,84,36,cube4_cluster0,14.29,27.38,38.089999999999996,14.29,3.29518684097343,14.29,36,cube4_cluster0,14.29,cube5_cluster0,7.14,cube6_cluster3,5.95
621363,SL,35,24,cube5_cluster0,14.29,28.57,39.99,14.29,3.034081064260366,14.29,24,cube5_cluster0,14.29,cube4_cluster0,8.57,cube22_cluster0,5.71
621381,CH,7,7,cube22_cluster0,14.29,42.87,71.44999999999999,14.29,1.9461938771045295,14.29,7,cube22_cluster0,14.29,cube50_cluster1,14.29,cube57_cluster0,14.29
621381,FC,14,10,cube4_cluster0,21.43,50.01,64.28999999999999,21.43,2.205359292879317,21.43,10,cube4_cluster0,21.43,cube5_cluster0,14.29,cube23_cluster0,14.29
621381,FF,42,19,cube4_cluster0,28.57,42.85,57.13,28.57,2.5687182314020025,28.57,19,cube4_cluster0,28.57,cube5_cluster0,7.14,cube23_cluster1,7.14
621381,SI,14,9,cube3_cluster0,21.43,57.15,71.42999999999999,21.43,2.0689774231865536,21.43,9,cube3_cluster0,21.43,cube4_cluster0,21.43,cube66_cluster0,14.29
621381,SL,35,26,cube14_cluster0,11.43,22.85,34.27,11.43,3.160188627688373,11.43,26,cube14_cluster0,11.43,cube43_cluster0,5.71,cube67_cluster0,5.71
622379,CH,20,9,cube4_cluster0,40.0,70.0,80.0,40.0,1.8343719702816235,40.0,9,cube4_cluster0,40.0,cube5_cluster0,15.0,cube14_cluster0,15.0
622379,FF,91,29,cube4_cluster0,23.08,40.66,54.94,23.08,2.8794331370094186,23.08,29,cube4_cluster0,23.08,cube5_cluster0,9.89,cube23_cluster0,7.69
622379,SI,5,5,cube13_cluster0,20.0,60.0,100.0,20.0,1.6094379124341005,20.0,5,cube13_cluster0,20.0,cube66_cluster0,20.0,cube42_cluster1,20.0
622379,ST,30,16,cube22_cluster0,16.67,43.33,60.0,16.67,2.5602703879635427,16.67,16,cube22_cluster0,16.67,cube5_cluster0,13.33,cube23_cluster1,13.33
622554,CU,6,5,cube13_cluster0,33.33,66.67,100.01,33.33,1.560812674895181,33.33,5,cube13_cluster0,33.33,cube77_cluster0,16.67,cube15_cluster0,16.67
622554,FF,48,22,cube4_cluster0,18.75,39.58,54.16,18.75,2.7791066994891893,18.75,22,cube4_cluster0,18.75,cube13_cluster0,12.5,cube5_cluster0,8.33
622554,SI,30,18,cube4_cluster0,20.0,40.0,53.34,20.0,2.6724001849298773,20.0,18,cube4_cluster0,20.0,cube5_cluster0,13.33,cube12_cluster0,6.67
622554,ST,36,22,cube4_cluster0,16.67,36.11,47.230000000000004,16.67,2.886436539335828,16.67,22,cube4_cluster0,16.67,cube12_cluster0,11.11,cube13_cluster0,8.33
623149,FF,70,34,cube4_cluster0,14.29,35.72,44.3,14.29,3.1852751342930445,14.29,34,cube4_cluster0,14.29,cube5_cluster0,14.29,cube3_cluster0,7.14
623149,ST,35,20,cube4_cluster0,22.86,37.14,48.56,22.86,2.748619691868532,22.86,20,cube4_cluster0,22.86,cube6_cluster3,8.57,cube58_cluster2,5.71
623474,SI,12,9,cube4_cluster0,33.33,49.989999999999995,66.64999999999999,33.33,2.022409212224636,33.33,9,cube4_cluster0,33.33,cube33_cluster0,8.33,cube5_cluster0,8.33
623474,SL,42,25,cube4_cluster0,14.29,30.95,42.849999999999994,14.29,3.026979727263005,14.29,25,cube4_cluster0,14.29,cube22_cluster0,9.52,cube5_cluster0,7.14
628317,FF,35,23,cube22_cluster0,8.57,22.85,34.27,8.57,3.0504159664948385,8.57,23,cube22_cluster0,8.57,cube4_cluster0,8.57,cube34_cluster0,5.71
628317,FS,91,38,cube4_cluster0,16.48,32.96,43.940000000000005,16.48,3.2371078224967067,16.48,38,cube4_cluster0,16.48,cube22_cluster0,10.99,cube14_cluster0,5.49
628317,SI,21,15,cube4_cluster0,19.05,38.09,52.37,19.05,2.5818571041722724,19.05,15,cube4_cluster0,19.05,cube5_cluster0,9.52,cube6_cluster3,9.52
628317,SL,14,11,cube4_cluster0,28.57,42.85,57.13,28.57,2.2425012559367943,28.57,11,cube4_cluster0,28.57,cube58_cluster0,7.14,cube23_cluster1,7.14
628317,ST,77,33,cube4_cluster0,18.18,40.260000000000005,53.24,18.18,3.0268694421032074,18.18,33,cube4_cluster0,18.18,cube22_cluster0,12.99,cube5_cluster0,9.09
640451,FF,66,33,cube4_cluster0,16.67,28.8,37.9,16.67,3.240145121566746,16.67,33,cube4_cluster0,16.67,cube22_cluster0,7.58,cube58_cluster2,4.55
640451,FS,36,18,cube5_cluster0,19.44,38.88,52.77,19.44,2.6762678463387957,19.44,18,cube5_cluster0,19.44,cube23_cluster1,11.11,cube59_cluster1,8.33
640451,SL,12,9,cube6_cluster3,16.67,50.010000000000005,66.67,16.67,2.138115204120325,16.67,9,cube6_cluster3,16.67,cube13_cluster0,16.67,cube67_cluster0,16.67
640462,FF,70,28,cube4_cluster0,20.0,34.28,45.7,20.0,2.9961844601560377,20.0,28,cube4_cluster0,20.0,cube5_cluster0,8.57,cube13_cluster0,5.71
640462,SI,14,12,cube13_cluster0,14.29,35.72,50.0,14.29,2.4406279839389677,14.29,12,cube13_cluster0,14.29,cube22_cluster0,14.29,cube77_cluster0,7.14
640462,SL,63,29,cube4_cluster0,19.05,34.93,47.63,19.05,3.0246125255595158,19.05,29,cube4_cluster0,19.05,cube23_cluster0,7.94,cube3_cluster0,7.94
641302,CH,72,33,cube4_cluster0,11.11,26.38,38.88,11.11,3.240555114396162,11.11,33,cube4_cluster0,11.11,cube23_cluster0,8.33,cube5_cluster0,6.94
641302,FC,174,49,cube5_cluster0,9.2,22.99,31.609999999999996,9.2,3.58595366539307,9.2,49,cube5_cluster0,9.2,cube4_cluster0,7.47,cube22_cluster0,6.32
641302,FF,150,52,cube4_cluster0,16.67,36.67,45.34,16.67,3.3610674482544587,16.67,52,cube4_cluster0,16.67,cube5_cluster0,14.0,cube13_cluster0,6.0
641302,SI,72,30,cube4_cluster0,12.5,27.77,38.89,12.5,3.1620678684941814,12.5,30,cube4_cluster0,12.5,cube5_cluster0,8.33,cube23_cluster1,6.94
641302,ST,30,16,cube4_cluster0,26.67,43.34,56.68000000000001,26.67,2.5053441953814284,26.67,16,cube4_cluster0,26.67,cube23_cluster0,10.0,cube13_cluster0,6.67
641793,FF,60,30,cube13_cluster1,8.33,24.990000000000002,36.660000000000004,8.33,3.2105457749826596,8.33,30,cube13_cluster1,8.33,cube13_cluster0,8.33,cube4_cluster0,8.33
641793,FS,114,40,cube4_cluster0,9.65,23.69,35.97,9.65,3.395012983168231,9.65,40,cube4_cluster0,9.65,cube12_cluster0,7.02,cube23_cluster0,7.02
641793,SI,96,38,cube4_cluster0,13.54,31.25,42.71,13.54,3.2638744448263024,13.54,38,cube4_cluster0,13.54,cube22_cluster0,11.46,cube5_cluster0,6.25
641793,SL,174,44,cube4_cluster0,17.24,28.74,38.51,17.24,3.3390263872403394,17.24,44,cube4_cluster0,17.24,cube13_cluster0,5.75,cube5_cluster0,5.75
641793,ST,48,25,cube4_cluster0,20.83,37.5,47.92,20.83,2.9122552964069595,20.83,25,cube4_cluster0,20.83,cube22_cluster0,10.42,cube59_cluster1,6.25
641816,FC,60,33,cube4_cluster0,15.0,28.33,38.33,15.0,3.2590941579414268,15.0,33,cube4_cluster0,15.0,cube13_cluster0,8.33,cube23_cluster0,5.0
641816,FF,252,55,cube4_cluster0,12.3,29.36,37.699999999999996,12.3,3.547669171208064,12.3,55,cube4_cluster0,12.3,cube5_cluster0,11.11,cube22_cluster0,5.95
641816,FS,144,45,cube4_cluster0,15.97,30.55,39.580000000000005,15.97,3.400929008849625,15.97,45,cube4_cluster0,15.97,cube5_cluster0,7.64,cube22_cluster0,6.94
641816,SL,42,22,cube4_cluster0,19.05,38.09,49.99,19.05,2.8273406620745685,19.05,22,cube4_cluster0,19.05,cube5_cluster0,11.9,cube23_cluster0,7.14
641835,SI,232,48,cube4_cluster0,13.79,28.439999999999998,37.92,13.79,3.4632414763414956,13.79,48,cube4_cluster0,13.79,cube5_cluster0,8.62,cube22_cluster0,6.03
641835,SL,40,27,cube14_cluster0,12.5,30.0,40.0,12.5,3.1280449211855896,12.5,27,cube14_cluster0,12.5,cube23_cluster0,10.0,cube4_cluster0,7.5
642048,CH,4,4,cube12_cluster0,25.0,75.0,100.0,25.0,1.3862943611198906,25.0,4,cube12_cluster0,25.0,cube6_cluster3,25.0,cube13_cluster0,25.0
642048,SI,24,15,cube22_cluster0,16.67,41.67,58.33,16.67,2.543299066111066,16.67,15,cube22_cluster0,16.67,cube4_cluster0,16.67,cube52_cluster0,8.33
642048,SL,20,11,cube4_cluster0,50.0,60.0,70.0,50.0,1.844439727056968,50.0,11,cube4_cluster0,50.0,cube5_cluster0,5.0,cube14_cluster0,5.0
642048,ST,4,3,cube4_cluster0,50.0,100.0,100.0,50.0,1.0397207708399179,50.0,3,cube4_cluster0,50.0,cube23_cluster1,25.0,cube66_cluster0,25.0
642100,FF,16,13,cube5_cluster0,12.5,37.5,50.0,12.5,2.512658529529802,12.5,13,cube5_cluster0,12.5,cube4_cluster0,12.5,cube14_cluster0,12.5
642100,SI,24,16,cube4_cluster0,25.0,41.66,54.16,25.0,2.5575497188080876,25.0,16,cube4_cluster0,25.0,cube15_cluster0,8.33,cube22_cluster0,8.33
642152,CH,24,13,cube5_cluster0,16.67,41.67,58.33,16.67,2.4415665430206834,16.67,13,cube5_cluster0,16.67,cube4_cluster0,12.5,cube13_cluster0,12.5
642152,FC,35,19,cube4_cluster0,20.0,40.0,51.42,20.0,2.715923288268672,20.0,19,cube4_cluster0,20.0,cube5_cluster0,11.43,cube13_cluster0,8.57
642152,FF,12,11,cube5_cluster0,16.67,33.33,49.989999999999995,16.67,2.368913472785053,16.67,11,cube5_cluster0,16.67,cube22_cluster0,8.33,cube3_cluster0,8.33
642152,SI,32,17,cube4_cluster0,18.75,40.63,56.260000000000005,18.75,2.619442724233802,18.75,17,cube4_cluster0,18.75,cube24_cluster0,12.5,cube6_cluster3,9.38
642152,ST,16,12,cube4_cluster0,25.0,43.75,56.25,25.0,2.3393717343898155,25.0,12,cube4_cluster0,25.0,cube5_cluster0,12.5,cube34_cluster0,6.25
642207,CH,56,27,cube4_cluster0,19.64,30.36,41.08,19.64,3.0387807699920146,19.64,27,cube4_cluster0,19.64,cube14_cluster0,5.36,cube3_cluster0,5.36
642207,FF,88,39,cube4_cluster0,11.36,26.13,38.63,11.36,3.368565938978117,11.36,39,cube4_cluster0,11.36,cube5_cluster0,7.95,cube23_cluster1,6.82
642397,SI,84,38,cube4_cluster0,19.05,30.95,40.47,19.05,3.2727570403023933,19.05,38,cube4_cluster0,19.05,cube5_cluster0,5.95,cube14_cluster0,5.95
642397,SL,30,19,cube24_cluster0,10.0,30.0,46.67,10.0,2.822333131087833,10.0,19,cube24_cluster0,10.0,cube14_cluster0,10.0,cube4_cluster0,10.0
643511,SI,28,20,cube4_cluster0,10.71,24.990000000000002,39.27,10.71,2.9166659200922296,10.71,20,cube4_cluster0,10.71,cube5_cluster0,7.14,cube22_cluster0,7.14
643511,SL,8,5,cube4_cluster0,37.5,75.0,100.0,37.5,1.4941751382893085,37.5,5,cube4_cluster0,37.5,cube12_cluster0,25.0,cube6_cluster3,12.5
656234,SI,7,7,cube3_cluster0,14.29,42.87,71.44999999999999,14.29,1.9461938771045295,14.29,7,cube3_cluster0,14.29,cube5_cluster0,14.29,cube4_cluster0,14.29
656234,ST,21,15,cube14_cluster0,14.29,33.33,52.36999999999999,14.29,2.6229668635757046,14.29,15,cube14_cluster0,14.29,cube13_cluster0,9.52,cube50_cluster0,9.52
656427,CH,28,20,cube66_cluster0,14.29,32.14,46.42,14.29,2.8672698074173217,14.29,20,cube66_cluster0,14.29,cube6_cluster3,10.71,cube72_cluster0,7.14
656427,FF,315,54,cube4_cluster0,18.41,31.75,41.91,18.41,3.3973503966606238,18.41,54,cube4_cluster0,18.41,cube22_cluster0,6.67,cube5_cluster0,6.67
656427,KC,126,43,cube22_cluster0,11.9,28.560000000000002,39.67,11.9,3.3777010328589285,11.9,43,cube22_cluster0,11.9,cube4_cluster0,9.52,cube23_cluster0,7.14
656427,SL,196,45,cube4_cluster0,14.8,30.099999999999998,41.83,14.8,3.3651524180634245,14.8,45,cube4_cluster0,14.8,cube5_cluster0,8.67,cube3_cluster0,6.63
656605,CH,72,33,cube4_cluster0,12.5,26.380000000000003,37.5,12.5,3.2501617548173622,12.5,33,cube4_cluster0,12.5,cube23_cluster1,6.94,cube22_cluster0,6.94
656605,CU,64,32,cube4_cluster0,14.06,28.12,39.06,14.06,3.2208573333635506,14.06,32,cube4_cluster0,14.06,cube13_cluster0,7.81,cube5_cluster0,6.25
656605,FF,312,54,cube4_cluster0,14.74,27.56,36.86,14.74,3.5289384932363834,14.74,54,cube4_cluster0,14.74,cube5_cluster0,7.37,cube22_cluster0,5.45
656605,SI,80,38,cube4_cluster0,10.0,22.5,32.5,10.0,3.4245868229662735,10.0,38,cube4_cluster0,10.0,cube5_cluster0,6.25,cube22_cluster0,6.25
656605,SL,152,43,cube4_cluster0,11.18,28.28,43.410000000000004,11.18,3.2965331651651466,11.18,43,cube4_cluster0,11.18,cube5_cluster0,8.55,cube22_cluster0,8.55
656605,ST,96,39,cube4_cluster0,11.46,25.0,35.42,11.46,3.3473071927275626,11.46,39,cube4_cluster0,11.46,cube22_cluster0,7.29,cube5_cluster0,6.25
656730,FF,72,33,cube4_cluster0,13.89,30.549999999999997,41.67,13.89,3.206946606718991,13.89,33,cube4_cluster0,13.89,cube5_cluster0,8.33,cube13_cluster0,8.33
656730,KC,30,19,cube4_cluster0,16.67,40.0,53.34,16.67,2.744823244040772,16.67,19,cube4_cluster0,16.67,cube22_cluster0,13.33,cube13_cluster0,10.0
656731,CH,16,12,cube5_cluster0,18.75,43.75,56.25,18.75,2.36060911398924,18.75,12,cube5_cluster0,18.75,cube4_cluster0,18.75,cube13_cluster1,6.25
656731,CU,56,28,cube4_cluster0,14.29,30.36,42.86,14.29,3.0973395222770637,14.29,28,cube4_cluster0,14.29,cube23_cluster1,8.93,cube13_cluster0,7.14
656731,FF,232,49,cube4_cluster0,18.1,31.89,40.940000000000005,18.1,3.372969036778189,18.1,49,cube4_cluster0,18.1,cube14_cluster0,7.76,cube22_cluster0,6.03
656731,SI,120,39,cube4_cluster0,12.5,25.83,35.83,12.5,3.3445315242148275,12.5,39,cube4_cluster0,12.5,cube13_cluster0,7.5,cube14_cluster0,5.83
656731,SL,232,47,cube4_cluster0,15.95,31.47,43.97,15.95,3.2923679739494833,15.95,47,cube4_cluster0,15.95,cube13_cluster0,8.62,cube23_cluster1,6.9
657514,CH,32,13,cube5_cluster0,18.75,50.0,68.76,18.75,2.3273028298044998,18.75,13,cube5_cluster0,18.75,cube4_cluster0,18.75,cube12_cluster0,12.5
657514,CU,16,11,cube78_cluster1,12.5,37.5,62.5,12.5,2.3393717343898155,12.5,11,cube78_cluster1,12.5,cube14_cluster0,12.5,cube67_cluster0,12.5
657514,FC,32,21,cube13_cluster1,9.38,25.01,37.510000000000005,9.38,2.955150971081082,9.38,21,cube13_cluster1,9.38,cube4_cluster0,9.38,cube14_cluster0,6.25
657514,SI,16,12,cube23_cluster0,18.75,43.75,56.25,18.75,2.3933121229745242,18.75,12,cube23_cluster0,18.75,cube5_cluster0,12.5,cube22_cluster0,12.5
657585,FC,24,16,cube4_cluster0,20.83,41.66,54.16,20.83,2.5906562970129547,20.83,16,cube4_cluster0,20.83,cube5_cluster0,12.5,cube73_cluster0,8.33
657585,FS,32,21,cube4_cluster0,12.5,28.130000000000003,40.63,12.5,2.927989107122494,12.5,21,cube4_cluster0,12.5,cube13_cluster1,9.38,cube14_cluster0,6.25
657585,ST,8,6,cube23_cluster0,37.5,62.5,87.5,37.5,1.6674619334292948,37.5,6,cube23_cluster0,37.5,cube78_cluster1,12.5,cube43_cluster0,12.5
660825,FF,36,25,cube4_cluster0,16.67,27.79,38.910000000000004,16.67,3.055406928829221,16.67,25,cube4_cluster0,16.67,cube15_cluster0,5.56,cube22_cluster0,5.56
660825,SI,24,17,cube33_cluster0,12.5,29.159999999999997,45.81999999999999,12.5,2.7524669243619337,12.5,17,cube33_cluster0,12.5,cube66_cluster0,8.33,cube5_cluster0,8.33
660825,ST,52,24,cube5_cluster0,13.46,34.62,49.99999999999999,13.46,2.9002786494990085,13.46,24,cube5_cluster0,13.46,cube4_cluster0,11.54,cube23_cluster1,9.62
661403,FC,105,36,cube4_cluster0,12.38,27.620000000000005,39.040000000000006,12.38,3.2848913365702055,12.38,36,cube4_cluster0,12.38,cube22_cluster0,8.57,cube12_cluster0,6.67
661403,SI,6,6,cube6_cluster3,16.67,50.010000000000005,83.35000000000001,16.67,1.7919178011232335,16.67,6,cube6_cluster3,16.67,cube4_cluster0,16.67,cube57_cluster0,16.67
661403,SL,46,28,cube4_cluster0,10.87,26.09,34.79,10.87,3.188959161025803,10.87,28,cube4_cluster0,10.87,cube5_cluster0,8.7,cube65_cluster1,6.52
662253,FF,32,24,cube4_cluster0,12.5,25.0,37.5,12.5,3.073620731037931,12.5,24,cube4_cluster0,12.5,cube5_cluster0,6.25,cube58_cluster0,6.25
662253,SI,4,3,cube4_cluster0,50.0,100.0,100.0,50.0,1.0397207708399179,50.0,3,cube4_cluster0,50.0,cube6_cluster3,25.0,cube15_cluster2,25.0
662253,SL,36,28,cube59_cluster0,8.33,19.45,30.569999999999997,8.33,3.2625787987094816,8.33,28,cube59_cluster0,8.33,cube13_cluster1,5.56,cube4_cluster0,5.56
663372,CH,84,39,cube4_cluster0,11.9,26.18,36.89,11.9,3.3893967666176867,11.9,39,cube4_cluster0,11.9,cube5_cluster0,8.33,cube13_cluster0,5.95
663372,CU,36,26,cube4_cluster0,13.89,25.009999999999998,36.129999999999995,13.89,3.1305423003146005,13.89,26,cube4_cluster0,13.89,cube72_cluster1,5.56,cube59_cluster3,5.56
663372,FF,132,43,cube4_cluster0,11.36,26.509999999999998,37.12,11.36,3.413365528811038,11.36,43,cube4_cluster0,11.36,cube22_cluster0,8.33,cube5_cluster0,6.82
663372,SI,78,35,cube4_cluster0,16.67,33.33,43.59,16.67,3.1972308440236556,16.67,35,cube4_cluster0,16.67,cube5_cluster0,8.97,cube14_cluster0,7.69
663372,SL,90,34,cube4_cluster0,13.33,28.89,40.0,13.33,3.209373810465343,13.33,34,cube4_cluster0,13.33,cube12_cluster0,7.78,cube5_cluster0,7.78
663372,ST,120,44,cube22_cluster0,9.17,25.83,38.33,9.17,3.4357112402131067,9.17,44,cube22_cluster0,9.17,cube4_cluster0,8.33,cube5_cluster0,8.33
663423,CU,12,11,cube52_cluster0,16.67,33.33,49.989999999999995,16.67,2.368913472785053,16.67,11,cube52_cluster0,16.67,cube4_cluster0,8.33,cube14_cluster0,8.33
663423,FC,24,15,cube4_cluster0,25.0,45.83,58.33,25.0,2.4779623628625522,25.0,15,cube4_cluster0,25.0,cube5_cluster0,12.5,cube22_cluster0,8.33
663423,FF,16,12,cube14_cluster0,12.5,37.5,56.25,12.5,2.4260151319598084,12.5,12,cube14_cluster0,12.5,cube15_cluster1,12.5,cube4_cluster0,12.5
663423,SI,4,4,cube6_cluster3,25.0,75.0,100.0,25.0,1.3862943611198906,25.0,4,cube6_cluster3,25.0,cube4_cluster0,25.0,cube15_cluster1,25.0
663423,ST,8,7,cube4_cluster0,25.0,50.0,75.0,25.0,1.9061547465398496,25.0,7,cube4_cluster0,25.0,cube67_cluster1,12.5,cube5_cluster0,12.5
663542,FF,42,29,cube4_cluster0,9.52,23.8,35.7,9.52,3.237301271835449,9.52,29,cube4_cluster0,9.52,cube67_cluster0,7.14,cube13_cluster0,7.14
663542,SI,12,11,cube4_cluster0,16.67,33.33,49.989999999999995,16.67,2.368913472785053,16.67,11,cube4_cluster0,16.67,cube15_cluster1,8.33,cube67_cluster3,8.33
663542,ST,6,6,cube6_cluster0,16.67,50.010000000000005,83.35000000000001,16.67,1.7919178011232335,16.67,6,cube6_cluster0,16.67,cube72_cluster0,16.67,cube14_cluster0,16.67
663574,FF,42,24,cube5_cluster0,16.67,38.1,47.62,16.67,2.9132864229688296,16.67,24,cube5_cluster0,16.67,cube4_cluster0,14.29,cube23_cluster0,7.14
663574,SL,24,19,cube4_cluster0,12.5,33.33,41.67,12.5,2.8467504050114245,12.5,19,cube4_cluster0,12.5,cube13_cluster0,12.5,cube59_cluster3,8.33
663574,SV,6,5,cube22_cluster0,33.33,66.67,100.01,33.33,1.560812674895181,33.33,5,cube22_cluster0,33.33,cube58_cluster2,16.67,cube15_cluster0,16.67
663623,CH,77,34,cube23_cluster0,10.39,28.57,40.25,10.39,3.2477813503068615,10.39,34,cube23_cluster0,10.39,cube4_cluster0,10.39,cube22_cluster0,7.79
663623,CU,238,48,cube4_cluster0,13.87,31.509999999999998,39.07,13.87,3.4395640879278804,13.87,48,cube4_cluster0,13.87,cube5_cluster0,10.08,cube22_cluster0,7.56
663623,FC,7,7,cube5_cluster0,14.29,42.87,71.44999999999999,14.29,1.9461938771045295,14.29,7,cube5_cluster0,14.29,cube3_cluster0,14.29,cube59_cluster2,14.29
663623,FF,188,51,cube4_cluster0,12.23,25.0,34.58,12.23,3.5460282175955027,12.23,51,cube4_cluster0,12.23,cube5_cluster0,7.45,cube14_cluster0,5.32
663623,SI,91,39,cube4_cluster0,12.09,26.37,38.45,12.09,3.3251323239094415,12.09,39,cube4_cluster0,12.09,cube5_cluster0,7.69,cube3_cluster0,6.59
663947,CH,28,18,cube4_cluster0,10.71,32.13,46.410000000000004,10.71,2.7803245852434806,10.71,18,cube4_cluster0,10.71,cube24_cluster0,10.71,cube58_cluster2,10.71
663947,FC,56,28,cube4_cluster0,19.64,33.92,44.64,19.64,3.0422200057059916,19.64,28,cube4_cluster0,19.64,cube3_cluster0,7.14,cube5_cluster0,7.14
663947,FF,28,20,cube5_cluster0,10.71,28.560000000000002,42.84,10.71,2.897985961359835,10.71,20,cube5_cluster0,10.71,cube4_cluster0,10.71,cube23_cluster1,7.14
664875,SI,88,39,cube4_cluster0,10.23,25.0,35.23,10.23,3.4151736071618126,10.23,39,cube4_cluster0,10.23,cube13_cluster0,7.95,cube14_cluster0,6.82
664875,ST,48,28,cube13_cluster0,10.42,27.09,37.510000000000005,10.42,3.1666589300379626,10.42,28,cube13_cluster0,10.42,cube14_cluster0,10.42,cube3_cluster0,6.25
665152,CU,72,32,cube4_cluster0,12.5,27.779999999999998,38.9,12.5,3.226928474909101,12.5,32,cube4_cluster0,12.5,cube22_cluster0,9.72,cube13_cluster0,5.56
665152,FC,138,44,cube4_cluster0,13.77,26.81,35.51,13.77,3.4497217076809736,13.77,44,cube4_cluster0,13.77,cube14_cluster0,6.52,cube22_cluster0,6.52
665152,FF,156,48,cube4_cluster0,14.1,29.48,39.1,14.1,3.4452795774079332,14.1,48,cube4_cluster0,14.1,cube5_cluster0,7.69,cube14_cluster0,7.69
665152,FS,108,41,cube4_cluster0,10.19,25.939999999999998,36.129999999999995,10.19,3.4263544793701737,10.19,41,cube4_cluster0,10.19,cube5_cluster0,10.19,cube23_cluster0,5.56
665152,SI,54,31,cube4_cluster0,9.26,24.080000000000002,35.2,9.26,3.2705316693378848,9.26,31,cube4_cluster0,9.26,cube13_cluster0,7.41,cube14_cluster0,7.41
666171,FC,16,13,cube4_cluster0,18.75,37.5,50.0,18.75,2.4799555205445176,18.75,13,cube4_cluster0,18.75,cube13_cluster0,12.5,cube6_cluster3,6.25
666171,FF,20,12,cube5_cluster0,15.0,40.0,60.0,15.0,2.38888971472958,15.0,12,cube5_cluster0,15.0,cube22_cluster0,15.0,cube14_cluster0,10.0
666171,SL,4,4,cube13_cluster0,25.0,75.0,100.0,25.0,1.3862943611198906,25.0,4,cube13_cluster0,25.0,cube67_cluster1,25.0,cube6_cluster3,25.0
666200,CH,140,44,cube4_cluster0,14.29,29.29,40.0,14.29,3.367008702674705,14.29,44,cube4_cluster0,14.29,cube22_cluster0,9.29,cube23_cluster1,5.71
666200,FF,231,51,cube4_cluster0,16.02,29.869999999999997,38.099999999999994,16.02,3.469156585304369,16.02,51,cube4_cluster0,16.02,cube5_cluster0,9.09,cube23_cluster0,4.76
666200,SI,49,24,cube4_cluster0,14.29,32.65,44.88999999999999,14.29,2.942861659510895,14.29,24,cube4_cluster0,14.29,cube12_cluster0,10.2,cube73_cluster0,8.16
666200,SL,77,30,cube4_cluster0,11.69,31.169999999999998,41.55,11.69,3.1573392065051413,11.69,30,cube4_cluster0,11.69,cube22_cluster0,10.39,cube5_cluster0,9.09
666200,ST,168,46,cube4_cluster0,13.1,28.569999999999997,39.29,13.1,3.402428830153139,13.1,46,cube4_cluster0,13.1,cube5_cluster0,9.52,cube14_cluster0,5.95
666214,CH,8,8,cube13_cluster0,12.5,37.5,62.5,12.5,2.0794415416798357,12.5,8,cube13_cluster0,12.5,cube73_cluster0,12.5,cube77_cluster0,12.5
666214,CU,24,12,cube4_cluster0,25.0,58.33,70.83,25.0,2.200237844450223,25.0,12,cube4_cluster0,25.0,cube13_cluster0,20.83,cube23_cluster1,12.5
666214,FC,152,44,cube4_cluster0,13.16,26.97,37.489999999999995,13.16,3.3928197921605783,13.16,44,cube4_cluster0,13.16,cube5_cluster0,7.89,cube13_cluster1,5.92
666214,FF,184,47,cube4_cluster0,15.76,31.52,39.669999999999995,15.76,3.417223910554085,15.76,47,cube4_cluster0,15.76,cube5_cluster0,8.15,cube22_cluster0,7.61
666277,CH,32,16,cube13_cluster0,15.62,37.489999999999995,49.989999999999995,15.62,2.615387358184412,15.62,16,cube13_cluster0,15.62,cube5_cluster0,15.62,cube73_cluster0,6.25
666277,FF,24,17,cube23_cluster0,20.83,41.66,50.0,20.83,2.64861324254463,20.83,17,cube23_cluster0,20.83,cube3_cluster0,12.5,cube4_cluster0,8.33
666277,SI,16,12,cube5_cluster0,18.75,43.75,56.25,18.75,2.3933121229745242,18.75,12,cube5_cluster0,18.75,cube59_cluster1,12.5,cube65_cluster0,12.5
666277,SL,8,7,cube4_cluster0,25.0,50.0,75.0,25.0,1.9061547465398496,25.0,7,cube4_cluster0,25.0,cube13_cluster0,12.5,cube73_cluster0,12.5
666277,ST,48,26,cube5_cluster0,10.42,25.0,37.5,10.42,3.1104618336158336,10.42,26,cube5_cluster0,10.42,cube4_cluster0,8.33,cube65_cluster2,6.25
666619,SI,16,11,cube4_cluster0,25.0,50.0,62.5,25.0,2.252728336819822,25.0,11,cube4_cluster0,25.0,cube5_cluster0,12.5,cube12_cluster0,12.5
666619,SL,64,26,cube5_cluster0,17.19,35.95,50.010000000000005,17.19,2.9262839452719183,17.19,26,cube5_cluster0,17.19,cube23_cluster0,9.38,cube4_cluster0,9.38
666808,FC,28,19,cube12_cluster0,10.71,32.13,49.980000000000004,10.71,2.8111353352030664,10.71,19,cube12_cluster0,10.71,cube5_cluster0,10.71,cube4_cluster0,10.71
666808,SL,68,29,cube4_cluster0,13.24,30.880000000000003,41.17,13.24,3.11708478800116,13.24,29,cube4_cluster0,13.24,cube23_cluster0,8.82,cube5_cluster0,8.82
667463,CH,32,19,cube4_cluster0,15.62,40.62,56.25,15.62,2.7196699823728,15.62,19,cube4_cluster0,15.62,cube5_cluster0,12.5,cube12_cluster0,12.5
667463,SI,176,48,cube4_cluster0,9.09,24.43,38.07,9.09,3.4137387914254114,9.09,48,cube4_cluster0,9.09,cube13_cluster0,7.95,cube14_cluster0,7.39
667463,SL,8,8,cube77_cluster0,12.5,37.5,62.5,12.5,2.0794415416798357,12.5,8,cube77_cluster0,12.5,cube13_cluster0,12.5,cube6_cluster3,12.5
667755,FF,12,10,cube4_cluster0,25.0,41.66,58.31999999999999,25.0,2.209808045618035,25.0,10,cube4_cluster0,25.0,cube13_cluster1,8.33,cube57_cluster0,8.33
667755,FS,44,25,cube4_cluster0,18.18,36.36,47.73,18.18,2.946475874113998,18.18,25,cube4_cluster0,18.18,cube5_cluster0,11.36,cube3_cluster0,6.82
667755,KC,56,27,cube4_cluster0,14.29,32.15,46.43,14.29,3.0281552709460393,14.29,27,cube4_cluster0,14.29,cube13_cluster1,8.93,cube14_cluster0,8.93
667755,SI,192,50,cube4_cluster0,15.62,30.73,41.15,15.62,3.4170261283778354,15.62,50,cube4_cluster0,15.62,cube5_cluster0,9.9,cube23_cluster1,5.21
667755,SL,56,24,cube4_cluster0,16.07,35.71,49.99,16.07,2.8983860853025885,16.07,24,cube4_cluster0,16.07,cube13_cluster0,10.71,cube33_cluster0,8.93
668674,CH,18,14,cube5_cluster0,16.67,38.89,50.010000000000005,16.67,2.5541607717860315,16.67,14,cube5_cluster0,16.67,cube23_cluster0,11.11,cube65_cluster1,11.11
668674,FF,24,19,cube4_cluster0,8.33,24.990000000000002,41.65,8.33,2.890011225839144,8.33,19,cube4_cluster0,8.33,cube13_cluster0,8.33,cube14_cluster0,8.33
668674,SL,6,5,cube73_cluster0,33.33,66.67,100.01,33.33,1.560812674895181,33.33,5,cube73_cluster0,33.33,cube3_cluster0,16.67,cube58_cluster0,16.67
668716,FC,14,9,cube4_cluster0,28.57,57.15,71.42999999999999,28.57,2.044727613203019,28.57,9,cube4_cluster0,28.57,cube59_cluster0,14.29,cube66_cluster0,14.29
668716,SI,105,41,cube4_cluster0,11.43,26.66,36.18,11.43,3.4088885491025187,11.43,41,cube4_cluster0,11.43,cube5_cluster0,9.52,cube23_cluster1,5.71
668716,ST,42,24,cube4_cluster0,19.05,35.71,47.61,19.05,2.919882356270266,19.05,24,cube4_cluster0,19.05,cube5_cluster0,9.52,cube22_cluster0,7.14
668820,CU,24,17,cube13_cluster0,12.5,33.33,49.989999999999995,12.5,2.7308365139480735,12.5,17,cube13_cluster0,12.5,cube23_cluster1,12.5,cube78_cluster1,8.33
668820,FF,104,35,cube4_cluster0,11.54,25.96,36.54,11.54,3.2865228192232685,11.54,35,cube4_cluster0,11.54,cube5_cluster0,7.69,cube13_cluster0,6.73
668820,SL,72,32,cube5_cluster0,12.5,27.77,37.5,12.5,3.229322729798705,12.5,32,cube5_cluster0,12.5,cube4_cluster0,8.33,cube23_cluster1,6.94
668820,ST,40,23,cube4_cluster0,15.0,35.0,45.0,15.0,2.9285957188573755,15.0,23,cube4_cluster0,15.0,cube66_cluster0,12.5,cube5_cluster0,7.5
668909,CU,20,18,cube5_cluster0,10.0,25.0,35.0,10.0,2.8571028374420018,10.0,18,cube5_cluster0,10.0,cube4_cluster0,10.0,cube59_cluster1,5.0
668909,FF,172,44,cube4_cluster0,19.19,30.23,38.95,19.19,3.3607042065415604,19.19,44,cube4_cluster0,19.19,cube23_cluster1,5.81,cube14_cluster0,5.23
668909,SI,16,14,cube3_cluster0,12.5,31.25,43.75,12.5,2.599301927099795,12.5,14,cube3_cluster0,12.5,cube14_cluster0,12.5,cube15_cluster0,6.25
668909,ST,92,41,cube4_cluster0,17.39,29.34,38.04,17.39,3.372299808782515,17.39,41,cube4_cluster0,17.39,cube67_cluster0,6.52,cube22_cluster0,5.43
668933,FC,18,13,cube4_cluster0,16.67,44.45,55.57000000000001,16.67,2.448030770020769,16.67,13,cube4_cluster0,16.67,cube22_cluster0,16.67,cube5_cluster0,11.11
669060,CH,119,40,cube5_cluster0,10.92,28.56,42.0,10.92,3.314902346816316,10.92,40,cube5_cluster0,10.92,cube14_cluster0,10.08,cube13_cluster0,7.56
669060,CU,70,33,cube4_cluster0,11.43,31.43,44.28,11.43,3.1866223401448344,11.43,33,cube4_cluster0,11.43,cube5_cluster0,11.43,cube13_cluster0,8.57
669060,FC,84,32,cube4_cluster0,16.67,33.33,46.42,16.67,3.1073241349214142,16.67,32,cube4_cluster0,16.67,cube23_cluster1,9.52,cube22_cluster0,7.14
669060,FF,105,35,cube4_cluster0,19.05,36.19,47.62,19.05,3.1154514532568225,19.05,35,cube4_cluster0,19.05,cube3_cluster0,8.57,cube23_cluster1,8.57
669060,SI,63,33,cube5_cluster0,9.52,26.98,39.68,9.52,3.2743826008499153,9.52,33,cube5_cluster0,9.52,cube4_cluster0,9.52,cube14_cluster0,7.94
669060,SL,7,6,cube4_cluster0,28.57,57.15,85.72999999999999,28.57,1.748067149102356,28.57,6,cube4_cluster0,28.57,cube67_cluster2,14.29,cube6_cluster1,14.29
669062,CH,36,24,cube4_cluster0,13.89,27.779999999999998,38.9,13.89,3.038769564766704,13.89,24,cube4_cluster0,13.89,cube22_cluster0,8.33,cube23_cluster1,5.56
669062,FF,24,16,cube4_cluster0,16.67,41.67,54.17,16.67,2.6154373796157104,16.67,16,cube4_cluster0,16.67,cube66_cluster0,12.5,cube5_cluster0,12.5
669062,SI,16,13,cube12_cluster0,18.75,37.5,50.0,18.75,2.4799555205445176,18.75,13,cube12_cluster0,18.75,cube4_cluster0,12.5,cube15_cluster0,6.25
669711,CH,16,11,cube5_cluster0,18.75,43.75,62.5,18.75,2.3066687254045313,18.75,11,cube5_cluster0,18.75,cube59_cluster2,12.5,cube4_cluster0,12.5
669711,FF,56,31,cube4_cluster0,21.43,32.15,41.08,21.43,3.1206357637008866,21.43,31,cube4_cluster0,21.43,cube74_cluster0,5.36,cube3_cluster0,5.36
669711,SI,40,22,cube5_cluster0,12.5,32.5,42.5,12.5,2.9268651821313267,12.5,22,cube5_cluster0,12.5,cube4_cluster0,12.5,cube13_cluster0,7.5
669711,SL,16,12,cube4_cluster0,25.0,43.75,56.25,25.0,2.3393717343898155,25.0,12,cube4_cluster0,25.0,cube5_cluster0,12.5,cube23_cluster1,6.25
669711,ST,8,6,cube4_cluster0,37.5,62.5,87.5,37.5,1.6674619334292948,37.5,6,cube4_cluster0,37.5,cube3_cluster0,12.5,cube23_cluster0,12.5
671922,FF,55,28,cube4_cluster0,16.36,30.9,41.800000000000004,16.36,3.0812509187861497,16.36,28,cube4_cluster0,16.36,cube58_cluster2,7.27,cube5_cluster0,7.27
671922,ST,18,13,cube22_cluster0,16.67,44.45,55.57000000000001,16.67,2.448030770020769,16.67,13,cube22_cluster0,16.67,cube13_cluster0,16.67,cube23_cluster0,11.11
672282,CU,12,8,cube4_cluster0,41.67,58.33,74.99,41.67,1.8139568423405654,41.67,8,cube4_cluster0,41.67,cube65_cluster1,8.33,cube15_cluster2,8.33
672282,FF,36,21,cube4_cluster0,19.44,33.330000000000005,44.45000000000001,19.44,2.8452382358321877,19.44,21,cube4_cluster0,19.44,cube14_cluster0,8.33,cube22_cluster0,5.56
672282,SL,12,9,cube23_cluster1,16.67,50.010000000000005,66.67,16.67,2.138115204120325,16.67,9,cube23_cluster1,16.67,cube13_cluster1,16.67,cube65_cluster0,16.67
672335,FC,6,6,cube22_cluster0,16.67,50.010000000000005,83.35000000000001,16.67,1.7919178011232335,16.67,6,cube22_cluster0,16.67,cube73_cluster0,16.67,cube5_cluster1,16.67
672335,FF,48,26,cube4_cluster0,10.42,25.0,37.5,10.42,3.0993199203103434,10.42,26,cube4_cluster0,10.42,cube23_cluster0,8.33,cube22_cluster0,6.25
672335,SI,102,36,cube4_cluster0,15.69,33.33,45.089999999999996,15.69,3.203159464658326,15.69,36,cube4_cluster0,15.69,cube23_cluster0,9.8,cube22_cluster0,7.84
672335,SL,24,19,cube4_cluster0,12.5,29.159999999999997,41.66,12.5,2.868380815425284,12.5,19,cube4_cluster0,12.5,cube6_cluster3,8.33,cube14_cluster0,8.33
672335,SV,42,26,cube4_cluster0,14.29,28.57,38.089999999999996,14.29,3.0929673388523113,14.29,26,cube4_cluster0,14.29,cube24_cluster0,7.14,cube24_cluster1,7.14
672841,FC,8,6,cube12_cluster0,25.0,62.5,87.5,25.0,1.7328679513998633,25.0,6,cube12_cluster0,25.0,cube4_cluster0,25.0,cube59_cluster3,12.5
672841,SI,44,27,cube4_cluster0,9.09,25.0,36.37,9.09,3.161264380202546,9.09,27,cube4_cluster0,9.09,cube65_cluster1,9.09,cube13_cluster0,6.82
672841,SL,24,17,cube13_cluster0,12.5,33.33,49.989999999999995,12.5,2.7308365139480735,12.5,17,cube13_cluster0,12.5,cube22_cluster0,12.5,cube33_cluster0,8.33
673513,FF,72,31,cube4_cluster0,18.06,31.95,41.68,18.06,3.128775925212889,18.06,31,cube4_cluster0,18.06,cube3_cluster0,8.33,cube5_cluster0,5.56
673513,FS,48,31,cube4_cluster0,16.67,27.090000000000003,35.43000000000001,16.67,3.2235117877586923,16.67,31,cube4_cluster0,16.67,cube3_cluster0,6.25,cube59_cluster2,4.17
673513,SL,24,16,cube5_cluster0,16.67,33.33,49.989999999999995,16.67,2.65869820044343,16.67,16,cube5_cluster0,16.67,cube22_cluster0,8.33,cube6_cluster3,8.33
673513,ST,8,7,cube4_cluster0,25.0,50.0,75.0,25.0,1.9061547465398496,25.0,7,cube4_cluster0,25.0,cube5_cluster0,12.5,cube6_cluster1,12.5
674285,FF,14,12,cube24_cluster0,21.43,35.71,49.99,21.43,2.403132935613092,21.43,12,cube24_cluster0,21.43,cube57_cluster1,7.14,cube13_cluster0,7.14
674285,SI,7,5,cube5_cluster0,42.86,71.44,100.01999999999998,42.86,1.4752340774978983,42.86,5,cube5_cluster0,42.86,cube13_cluster0,14.29,cube43_cluster0,14.29
674285,SL,42,25,cube5_cluster0,11.9,30.94,42.839999999999996,11.9,3.0376909661043303,11.9,25,cube5_cluster0,11.9,cube22_cluster0,9.52,cube4_cluster0,9.52
674370,CH,12,11,cube65_cluster1,16.67,33.33,49.989999999999995,16.67,2.368913472785053,16.67,11,cube65_cluster1,16.67,cube13_cluster0,8.33,cube13_cluster1,8.33
674370,FC,30,19,cube5_cluster0,10.0,30.0,46.67,10.0,2.822333131087833,10.0,19,cube5_cluster0,10.0,cube23_cluster1,10.0,cube6_cluster3,10.0
674370,FF,306,53,cube4_cluster0,10.78,24.179999999999996,34.309999999999995,10.78,3.5586709145115814,10.78,53,cube4_cluster0,10.78,cube5_cluster0,7.52,cube23_cluster0,5.88
674370,PO,6,5,cube4_cluster0,33.33,66.67,100.01,33.33,1.560812674895181,33.33,5,cube4_cluster0,33.33,cube3_cluster0,16.67,cube67_cluster0,16.67
674370,SL,168,48,cube4_cluster0,14.29,29.169999999999998,39.89,14.29,3.4616702939798745,14.29,48,cube4_cluster0,14.29,cube5_cluster0,8.93,cube23_cluster1,5.95
676092,FC,28,20,cube4_cluster0,21.43,35.71,46.42,21.43,2.799058605148933,21.43,20,cube4_cluster0,21.43,cube24_cluster0,7.14,cube22_cluster0,7.14
676092,FF,68,27,cube4_cluster0,22.06,45.589999999999996,57.349999999999994,22.06,2.7981108080204335,22.06,27,cube4_cluster0,22.06,cube5_cluster0,16.18,cube22_cluster0,7.35
676092,ST,76,31,cube4_cluster0,15.79,36.839999999999996,51.309999999999995,15.79,3.029612617187834,15.79,31,cube4_cluster0,15.79,cube5_cluster0,13.16,cube6_cluster3,7.89
676254,SI,44,22,cube5_cluster0,18.18,43.18000000000001,54.550000000000004,18.18,2.7689033925156616,18.18,22,cube5_cluster0,18.18,cube4_cluster0,15.91,cube14_cluster0,9.09
676254,SL,36,16,cube22_cluster0,13.89,38.89,58.33,13.89,2.5834870564546684,13.89,16,cube22_cluster0,13.89,cube23_cluster1,13.89,cube5_cluster0,11.11
676395,CH,12,10,cube14_cluster0,16.67,41.67,58.33,16.67,2.253514338452689,16.67,10,cube14_cluster0,16.67,cube5_cluster0,16.67,cube24_cluster2,8.33
676395,FF,18,14,cube4_cluster0,16.67,38.89,50.010000000000005,16.67,2.5541607717860315,16.67,14,cube4_cluster0,16.67,cube32_cluster0,11.11,cube22_cluster0,11.11
676395,SL,42,28,cube4_cluster0,16.67,28.57,38.089999999999996,16.67,3.13606127336287,16.67,28,cube4_cluster0,16.67,cube22_cluster0,7.14,cube3_cluster0,4.76
676684,FF,91,36,cube4_cluster0,17.58,34.06,42.86,17.58,3.1849193212412508,17.58,36,cube4_cluster0,17.58,cube5_cluster0,9.89,cube14_cluster0,6.59
676684,SI,7,7,cube15_cluster1,14.29,42.87,71.44999999999999,14.29,1.9461938771045295,14.29,7,cube15_cluster1,14.29,cube23_cluster0,14.29,cube24_cluster0,14.29
676684,SL,28,20,cube4_cluster0,14.29,35.72,46.43,14.29,2.8365536534748084,14.29,20,cube4_cluster0,14.29,cube14_cluster0,14.29,cube5_cluster0,7.14
676974,CH,176,50,cube5_cluster0,9.09,23.29,33.51,9.09,3.584955197994934,9.09,50,cube5_cluster0,9.09,cube4_cluster0,7.95,cube22_cluster0,6.25
676974,FF,184,43,cube4_cluster0,15.22,31.53,42.4,15.22,3.300192729463261,15.22,43,cube4_cluster0,15.22,cube5_cluster0,8.7,cube12_cluster0,7.61
676974,SI,48,24,cube4_cluster0,20.83,37.489999999999995,47.91,20.83,2.8887611489621,20.83,24,cube4_cluster0,20.83,cube5_cluster0,8.33,cube6_cluster0,8.33
676974,SL,232,49,cube4_cluster0,15.09,29.740000000000002,37.93000000000001,15.09,3.426578270935729,15.09,49,cube4_cluster0,15.09,cube5_cluster0,8.62,cube13_cluster0,6.03
676974,ST,96,37,cube5_cluster0,10.42,25.01,35.43,10.42,3.361223654600229,10.42,37,cube5_cluster0,10.42,cube4_cluster0,9.38,cube67_cluster0,5.21
677161,CH,8,8,cube13_cluster0,12.5,37.5,62.5,12.5,2.0794415416798357,12.5,8,cube13_cluster0,12.5,cube5_cluster1,12.5,cube67_cluster3,12.5
677161,FC,80,36,cube4_cluster0,12.5,27.5,37.5,12.5,3.3196107403767083,12.5,36,cube4_cluster0,12.5,cube13_cluster0,8.75,cube23_cluster0,6.25
677161,FF,56,32,cube4_cluster0,12.5,30.36,41.08,12.5,3.2311456502398483,12.5,32,cube4_cluster0,12.5,cube5_cluster0,8.93,cube23_cluster1,8.93
677161,SI,8,8,cube58_cluster2,12.5,37.5,62.5,12.5,2.0794415416798357,12.5,8,cube58_cluster2,12.5,cube3_cluster0,12.5,cube77_cluster0,12.5
677161,ST,24,17,cube22_cluster0,12.5,29.159999999999997,45.81999999999999,12.5,2.7524669243619337,12.5,17,cube22_cluster0,12.5,cube13_cluster0,8.33,cube3_cluster0,8.33
678020,FF,35,21,cube5_cluster0,14.29,28.57,39.99,14.29,2.9145783852713856,14.29,21,cube5_cluster0,14.29,cube4_cluster0,8.57,cube13_cluster0,5.71
678020,FS,98,32,cube4_cluster0,17.35,35.71,45.910000000000004,17.35,3.0678213850485143,17.35,32,cube4_cluster0,17.35,cube5_cluster0,9.18,cube12_cluster0,9.18
678020,SL,7,7,cube77_cluster0,14.29,42.87,71.44999999999999,14.29,1.9461938771045295,14.29,7,cube77_cluster0,14.29,cube22_cluster0,14.29,cube4_cluster0,14.29
678215,FF,56,25,cube4_cluster0,16.07,30.36,41.08,16.07,3.021700653806646,16.07,25,cube4_cluster0,16.07,cube5_cluster0,8.93,cube23_cluster1,5.36
678215,FS,72,30,cube4_cluster0,18.06,30.56,41.68,18.06,3.108526011016999,18.06,30,cube4_cluster0,18.06,cube23_cluster0,6.94,cube33_cluster0,5.56
678215,SI,8,7,cube14_cluster0,25.0,50.0,75.0,25.0,1.9061547465398496,25.0,7,cube14_cluster0,25.0,cube5_cluster0,12.5,cube6_cluster0,12.5
678215,SL,88,36,cube4_cluster0,18.18,32.95,44.31,18.18,3.188679943640311,18.18,36,cube4_cluster0,18.18,cube5_cluster0,9.09,cube23_cluster1,5.68
678495,FF,20,14,cube4_cluster0,20.0,45.0,55.0,20.0,2.4843668399738017,20.0,14,cube4_cluster0,20.0,cube23_cluster0,15.0,cube22_cluster0,10.0
678495,SL,40,27,cube23_cluster1,7.5,22.5,32.5,7.5,3.1990901759676333,7.5,27,cube23_cluster1,7.5,cube13_cluster0,7.5,cube22_cluster0,7.5
678606,CH,7,7,cube58_cluster0,14.29,42.87,71.44999999999999,14.29,1.9461938771045295,14.29,7,cube58_cluster0,14.29,cube65_cluster2,14.29,cube4_cluster0,14.29
678606,FF,14,10,cube5_cluster0,35.71,49.99,64.27,35.71,2.0638352798791955,35.71,10,cube5_cluster0,35.71,cube12_cluster0,7.14,cube13_cluster1,7.14
678606,SI,84,37,cube4_cluster0,16.67,32.14,42.85,16.67,3.231212163948569,16.67,37,cube4_cluster0,16.67,cube5_cluster0,9.52,cube6_cluster3,5.95
678606,SL,21,16,cube22_cluster0,9.52,28.56,47.599999999999994,9.52,2.7137664907911314,9.52,16,cube22_cluster0,9.52,cube72_cluster0,9.52,cube4_cluster0,9.52
679885,FF,49,24,cube4_cluster0,16.33,36.73,48.96999999999999,16.33,2.918901969560605,16.33,24,cube4_cluster0,16.33,cube13_cluster0,10.2,cube5_cluster0,10.2
679885,FS,35,20,cube4_cluster0,20.0,40.0,54.28,20.0,2.7410194009649684,20.0,20,cube4_cluster0,20.0,cube14_cluster0,11.43,cube23_cluster1,8.57
679885,SI,21,14,cube4_cluster0,14.29,33.33,52.36999999999999,14.29,2.5569792519863976,14.29,14,cube4_cluster0,14.29,cube13_cluster0,9.52,cube33_cluster0,9.52
680767,CH,50,29,cube5_cluster0,18.0,34.0,46.0,18.0,3.079704347421077,18.0,29,cube5_cluster0,18.0,cube4_cluster0,8.0,cube3_cluster0,8.0
680767,FF,18,13,cube4_cluster0,16.67,44.45,55.57000000000001,16.67,2.448030770020769,16.67,13,cube4_cluster0,16.67,cube12_cluster0,16.67,cube14_cluster0,11.11
680767,SL,33,19,cube14_cluster0,15.15,36.36,51.510000000000005,15.15,2.758667313903009,15.15,19,cube14_cluster0,15.15,cube23_cluster0,12.12,cube4_cluster0,9.09
680885,CU,88,37,cube4_cluster0,11.36,27.27,37.5,11.36,3.332414848568391,11.36,37,cube4_cluster0,11.36,cube5_cluster0,9.09,cube13_cluster0,6.82
680885,FC,40,23,cube4_cluster0,17.5,35.0,47.5,17.5,2.9062944625050635,17.5,23,cube4_cluster0,17.5,cube23_cluster0,10.0,cube33_cluster0,7.5
680885,FF,336,54,cube4_cluster0,16.37,28.87,40.18,16.37,3.4290384326479977,16.37,54,cube4_cluster0,16.37,cube23_cluster1,6.55,cube13_cluster0,5.95
680885,FS,136,45,cube4_cluster0,11.76,24.259999999999998,33.08,11.76,3.47884018728954,11.76,45,cube4_cluster0,11.76,cube13_cluster0,6.62,cube23_cluster1,5.88
680885,SI,72,33,cube5_cluster0,15.28,33.33,45.83,15.28,3.1531752843602625,15.28,33,cube5_cluster0,15.28,cube23_cluster0,9.72,cube22_cluster0,8.33
680885,SL,120,46,cube4_cluster0,9.17,23.340000000000003,33.34,9.17,3.554912351048566,9.17,46,cube4_cluster0,9.17,cube5_cluster0,7.5,cube13_cluster0,6.67
681190,CH,16,13,cube5_cluster0,12.5,37.5,50.0,12.5,2.512658529529802,12.5,13,cube5_cluster0,12.5,cube65_cluster0,12.5,cube4_cluster0,12.5
681190,CU,138,48,cube4_cluster0,16.67,31.16,41.300000000000004,16.67,3.3956404812115313,16.67,48,cube4_cluster0,16.67,cube13_cluster0,7.97,cube5_cluster0,6.52
681190,FC,216,50,cube4_cluster0,13.43,30.1,40.290000000000006,13.43,3.4344026153600353,13.43,50,cube4_cluster0,13.43,cube22_cluster0,8.8,cube5_cluster0,7.87
681190,FF,91,38,cube22_cluster0,8.79,25.27,35.16,8.79,3.3811354755142435,8.79,38,cube22_cluster0,8.79,cube4_cluster0,8.79,cube5_cluster0,7.69
681190,SI,89,32,cube4_cluster0,17.98,34.839999999999996,47.199999999999996,17.98,3.0874264560720603,17.98,32,cube4_cluster0,17.98,cube5_cluster0,8.99,cube13_cluster0,7.87
681190,ST,70,30,cube4_cluster0,15.71,34.28,45.7,15.71,3.0670517616349193,15.71,30,cube4_cluster0,15.71,cube5_cluster0,11.43,cube22_cluster0,7.14
681676,FF,64,32,cube4_cluster0,9.38,23.44,35.94,9.38,3.2404514547234626,9.38,32,cube4_cluster0,9.38,cube5_cluster0,7.81,cube3_cluster0,6.25
681676,SL,64,31,cube4_cluster0,20.31,34.37,43.74999999999999,20.31,3.103445883287121,20.31,31,cube4_cluster0,20.31,cube5_cluster0,7.81,cube22_cluster0,6.25
681867,CH,48,21,cube4_cluster0,18.75,45.83,62.5,18.75,2.656213706156384,18.75,21,cube4_cluster0,18.75,cube14_cluster0,14.58,cube5_cluster0,12.5
681867,FC,40,21,cube4_cluster0,22.5,37.5,50.0,22.5,2.7740293641229776,22.5,21,cube4_cluster0,22.5,cube65_cluster1,7.5,cube59_cluster1,7.5
681867,SI,80,31,cube4_cluster0,8.75,26.25,36.25,8.75,3.2104422731377404,8.75,31,cube4_cluster0,8.75,cube5_cluster0,8.75,cube22_cluster0,8.75
681867,ST,8,7,cube22_cluster0,25.0,50.0,75.0,25.0,1.9061547465398496,25.0,7,cube22_cluster0,25.0,cube67_cluster2,12.5,cube52_cluster1,12.5
682120,CU,28,21,cube4_cluster0,17.86,32.14,42.85,17.86,2.8955870435768385,17.86,21,cube4_cluster0,17.86,cube12_cluster0,7.14,cube67_cluster2,7.14
682120,FF,36,24,cube22_cluster0,11.11,27.769999999999996,38.89,11.11,3.055069425976956,11.11,24,cube22_cluster0,11.11,cube24_cluster0,8.33,cube4_cluster0,8.33
682120,SI,20,15,cube5_cluster0,15.0,35.0,50.0,15.0,2.622996276085791,15.0,15,cube5_cluster0,15.0,cube23_cluster0,10.0,cube4_cluster0,10.0
682120,SL,8,8,cube43_cluster0,12.5,37.5,62.5,12.5,2.0794415416798357,12.5,8,cube43_cluster0,12.5,cube44_cluster0,12.5,cube5_cluster0,12.5
682842,SI,30,21,cube4_cluster0,13.33,26.67,40.010000000000005,13.33,2.938286194880452,13.33,21,cube4_cluster0,13.33,cube44_cluster0,6.67,cube14_cluster0,6.67
682842,SL,42,24,cube4_cluster0,11.9,26.18,40.46,11.9,3.033324854434195,11.9,24,cube4_cluster0,11.9,cube22_cluster0,7.14,cube5_cluster0,7.14
683409,CH,77,35,cube4_cluster0,14.29,32.47,42.849999999999994,14.29,3.23244168155068,14.29,35,cube4_cluster0,14.29,cube22_cluster0,9.09,cube5_cluster0,9.09
683409,FF,35,20,cube5_cluster0,14.29,31.43,48.57,14.29,2.8305298180416343,14.29,20,cube5_cluster0,14.29,cube23_cluster1,8.57,cube13_cluster0,8.57
683409,SL,28,18,cube5_cluster0,10.71,32.13,46.410000000000004,10.71,2.7803245852434806,10.71,18,cube5_cluster0,10.71,cube4_cluster0,10.71,cube12_cluster0,10.71
683769,FF,15,10,cube4_cluster0,26.67,53.33,66.67,26.67,2.153873997953586,26.67,10,cube4_cluster0,26.67,cube3_cluster0,13.33,cube22_cluster0,13.33
683769,SL,70,30,cube4_cluster0,14.29,32.86,44.28,14.29,3.102108899201769,14.29,30,cube4_cluster0,14.29,cube5_cluster0,10.0,cube23_cluster0,8.57
684007,CU,16,11,cube5_cluster0,25.0,50.0,62.5,25.0,2.252728336819822,25.0,11,cube5_cluster0,25.0,cube4_cluster0,12.5,cube58_cluster0,12.5
684007,FF,416,54,cube4_cluster0,12.98,25.96,36.06,12.98,3.53837162453837,12.98,54,cube4_cluster0,12.98,cube5_cluster0,6.97,cube14_cluster0,6.01
684007,FS,169,44,cube4_cluster0,9.47,23.67,34.33,9.47,3.430246586017792,9.47,44,cube4_cluster0,9.47,cube23_cluster0,7.1,cube22_cluster0,7.1
684007,SI,8,8,cube78_cluster0,12.5,37.5,62.5,12.5,2.0794415416798357,12.5,8,cube78_cluster0,12.5,cube59_cluster1,12.5,cube6_cluster3,12.5
684007,ST,94,35,cube4_cluster0,22.34,38.300000000000004,48.940000000000005,22.34,3.074859605374157,22.34,35,cube4_cluster0,22.34,cube33_cluster0,8.51,cube14_cluster0,7.45
684320,FF,64,28,cube4_cluster0,10.94,26.57,39.07,10.94,3.115865202709279,10.94,28,cube4_cluster0,10.94,cube13_cluster0,9.38,cube12_cluster0,6.25
684320,FS,32,21,cube23_cluster1,12.5,31.25,43.75,12.5,2.900827243163906,12.5,21,cube23_cluster1,12.5,cube4_cluster0,12.5,cube23_cluster0,6.25
684320,SI,16,13,cube13_cluster0,12.5,37.5,50.0,12.5,2.512658529529802,12.5,13,cube13_cluster0,12.5,cube22_cluster0,12.5,cube5_cluster0,12.5
684320,SL,40,23,cube4_cluster0,12.5,30.0,42.5,12.5,2.9763342814794864,12.5,23,cube4_cluster0,12.5,cube5_cluster0,10.0,cube13_cluster0,7.5
685126,CH,42,25,cube4_cluster0,19.05,35.71,45.23,19.05,2.9653294678865154,19.05,25,cube4_cluster0,19.05,cube13_cluster0,9.52,cube22_cluster0,7.14
685126,FF,7,7,cube59_cluster3,14.29,42.87,71.44999999999999,14.29,1.9461938771045295,14.29,7,cube59_cluster3,14.29,cube4_cluster0,14.29,cube12_cluster0,14.29
685126,SI,49,29,cube5_cluster0,10.2,24.48,36.72,10.2,3.1923626278120767,10.2,29,cube5_cluster0,10.2,cube23_cluster1,8.16,cube4_cluster0,6.12
685126,SL,77,32,cube4_cluster0,25.97,41.550000000000004,50.64,25.97,2.965978341985057,25.97,32,cube4_cluster0,25.97,cube5_cluster0,9.09,cube22_cluster0,6.49
685801,CU,6,6,cube15_cluster2,16.67,50.010000000000005,83.35000000000001,16.67,1.7919178011232335,16.67,6,cube15_cluster2,16.67,cube23_cluster0,16.67,cube52_cluster0,16.67
685801,FF,24,15,cube5_cluster0,16.67,41.67,58.33,16.67,2.5574804340840345,16.67,15,cube5_cluster0,16.67,cube13_cluster1,12.5,cube44_cluster0,12.5
685801,SI,6,6,cube14_cluster0,16.67,50.010000000000005,83.35000000000001,16.67,1.7919178011232335,16.67,6,cube14_cluster0,16.67,cube57_cluster0,16.67,cube6_cluster0,16.67
685801,SL,42,24,cube4_cluster0,21.43,38.089999999999996,47.60999999999999,21.43,2.8764970807854473,21.43,24,cube4_cluster0,21.43,cube14_cluster0,11.9,cube23_cluster1,4.76
686563,CH,168,45,cube4_cluster0,11.31,24.4,35.71,11.31,3.480383716018869,11.31,45,cube4_cluster0,11.31,cube23_cluster0,7.14,cube23_cluster1,5.95
686563,FC,126,40,cube4_cluster0,17.46,34.92,46.03,17.46,3.21052481785323,17.46,40,cube4_cluster0,17.46,cube22_cluster0,9.52,cube5_cluster0,7.94
686563,FF,91,35,cube4_cluster0,19.78,32.97,41.769999999999996,19.78,3.1810670901682068,19.78,35,cube4_cluster0,19.78,cube5_cluster0,8.79,cube13_cluster1,4.4
686563,SI,133,40,cube4_cluster0,12.78,30.83,43.60999999999999,12.78,3.2673351061041678,12.78,40,cube4_cluster0,12.78,cube5_cluster0,10.53,cube13_cluster1,7.52
686563,ST,98,34,cube5_cluster0,14.29,35.71,48.97,14.29,3.112677866040556,14.29,34,cube5_cluster0,14.29,cube22_cluster0,12.24,cube14_cluster0,9.18
686993,FC,36,21,cube5_cluster0,11.11,30.549999999999997,44.44,11.11,2.900793805553194,11.11,21,cube5_cluster0,11.11,cube4_cluster0,11.11,cube50_cluster0,8.33
686993,FF,78,36,cube4_cluster0,11.54,30.769999999999996,43.58999999999999,11.54,3.262275694368598,11.54,36,cube4_cluster0,11.54,cube5_cluster0,10.26,cube14_cluster0,8.97
686993,ST,30,15,cube4_cluster0,26.67,53.34,66.68,26.67,2.375509531461041,26.67,15,cube4_cluster0,26.67,cube23_cluster0,16.67,cube57_cluster1,10.0
687377,CH,7,6,cube33_cluster0,28.57,57.15,85.72999999999999,28.57,1.748067149102356,28.57,6,cube33_cluster0,28.57,cube22_cluster0,14.29,cube32_cluster0,14.29
687377,FF,14,8,cube4_cluster0,42.86,64.28999999999999,78.57,42.86,1.7718945415985614,42.86,8,cube4_cluster0,42.86,cube5_cluster0,14.29,cube24_cluster2,7.14
687377,SI,7,5,cube4_cluster0,28.57,71.43,100.00999999999999,28.57,1.5499404211001826,28.57,5,cube4_cluster0,28.57,cube5_cluster0,28.57,cube14_cluster0,14.29
687377,SL,28,20,cube13_cluster0,17.86,35.71,46.42,17.86,2.8274163761524638,17.86,20,cube13_cluster0,17.86,cube3_cluster0,10.71,cube12_cluster0,7.14
687396,FF,152,39,cube4_cluster0,13.82,28.950000000000003,41.45,13.82,3.3109081629204904,13.82,39,cube4_cluster0,13.82,cube13_cluster0,7.89,cube22_cluster0,7.24
687396,FS,40,23,cube4_cluster0,17.5,37.5,52.5,17.5,2.8716371034770662,17.5,23,cube4_cluster0,17.5,cube57_cluster0,10.0,cube22_cluster0,10.0
687396,SL,24,18,cube3_cluster0,12.5,29.159999999999997,45.81999999999999,12.5,2.810423869893609,12.5,18,cube3_cluster0,12.5,cube78_cluster1,8.33,cube59_cluster1,8.33
687863,FF,80,35,cube5_cluster0,12.5,32.5,45.0,12.5,3.182711840990766,12.5,35,cube5_cluster0,12.5,cube4_cluster0,11.25,cube22_cluster0,8.75
687863,ST,40,26,cube4_cluster0,10.0,25.0,40.0,10.0,3.116694254317525,10.0,26,cube4_cluster0,10.0,cube13_cluster0,7.5,cube3_cluster0,7.5
688297,FC,16,11,cube5_cluster0,18.75,43.75,62.5,18.75,2.3066687254045313,18.75,11,cube5_cluster0,18.75,cube13_cluster0,12.5,cube22_cluster0,12.5
688297,FF,40,26,cube4_cluster0,15.0,30.0,40.0,15.0,3.0735419434497575,15.0,26,cube4_cluster0,15.0,cube23_cluster0,10.0,cube58_cluster0,5.0
688297,SI,32,21,cube4_cluster0,15.62,34.38,46.88,15.62,2.876550289053397,15.62,21,cube4_cluster0,15.62,cube67_cluster0,9.38,cube5_cluster0,9.38
689254,FC,16,12,cube5_cluster0,18.75,43.75,56.25,18.75,2.3933121229745242,18.75,12,cube5_cluster0,18.75,cube4_cluster0,12.5,cube59_cluster1,12.5
689254,ST,8,6,cube4_cluster0,37.5,62.5,87.5,37.5,1.6674619334292948,37.5,6,cube4_cluster0,37.5,cube52_cluster0,12.5,cube34_cluster0,12.5
689690,CH,104,35,cube4_cluster0,13.46,31.73,44.230000000000004,13.46,3.18449968878241,13.46,35,cube4_cluster0,13.46,cube5_cluster0,10.58,cube22_cluster0,7.69
689690,FF,64,31,cube4_cluster0,12.5,29.69,43.75,12.5,3.152293742999506,12.5,31,cube4_cluster0,12.5,cube14_cluster0,9.38,cube13_cluster0,7.81
689690,SI,32,23,cube5_cluster0,12.5,31.25,43.75,12.5,2.9869773334679377,12.5,23,cube5_cluster0,12.5,cube4_cluster0,12.5,cube34_cluster0,6.25
689690,ST,8,8,cube33_cluster0,12.5,37.5,62.5,12.5,2.0794415416798357,12.5,8,cube33_cluster0,12.5,cube6_cluster3,12.5,cube51_cluster0,12.5
691594,FA,64,32,cube13_cluster0,10.94,26.57,39.07,10.94,3.2317754145584203,10.94,32,cube13_cluster0,10.94,cube4_cluster0,9.38,cube23_cluster0,6.25
694297,CH,161,44,cube4_cluster0,11.8,29.19,38.510000000000005,11.8,3.405536406987547,11.8,44,cube4_cluster0,11.8,cube5_cluster0,9.94,cube23_cluster1,7.45
694297,CU,140,42,cube4_cluster0,17.14,31.43,42.14,17.14,3.316330402304121,17.14,42,cube4_cluster0,17.14,cube5_cluster0,7.86,cube22_cluster0,6.43
694297,FF,210,50,cube4_cluster0,10.95,27.14,35.72,10.95,3.54203868048852,10.95,50,cube4_cluster0,10.95,cube5_cluster0,10.0,cube14_cluster0,6.19
694297,SI,63,31,cube23_cluster0,11.11,28.57,41.27,11.11,3.17295355529339,11.11,31,cube23_cluster0,11.11,cube22_cluster0,9.52,cube5_cluster0,7.94
694297,ST,63,33,cube4_cluster0,19.05,31.75,41.269999999999996,19.05,3.1715793503964558,19.05,33,cube4_cluster0,19.05,cube5_cluster0,7.94,cube67_cluster0,4.76
695243,FF,77,34,cube5_cluster0,14.29,32.47,42.849999999999994,14.29,3.197131814275766,14.29,34,cube5_cluster0,14.29,cube4_cluster0,12.99,cube22_cluster0,5.19
695243,SL,7,6,cube23_cluster0,28.57,57.15,85.72999999999999,28.57,1.748067149102356,28.57,6,cube23_cluster0,28.57,cube24_cluster2,14.29,cube73_cluster0,14.29
702352,CH,12,12,cube13_cluster1,8.33,24.990000000000002,41.65,8.33,2.4843126071174164,8.33,12,cube13_cluster1,8.33,cube12_cluster0,8.33,cube57_cluster1,8.33
702352,FC,64,31,cube4_cluster0,20.31,34.37,46.87,20.31,3.0685047676467443,20.31,31,cube4_cluster0,20.31,cube5_cluster0,7.81,cube44_cluster0,6.25
702352,SI,32,23,cube22_cluster0,9.38,25.01,37.510000000000005,9.38,3.0413010613851137,9.38,23,cube22_cluster0,9.38,cube14_cluster0,9.38,cube23_cluster1,6.25
702352,SV,12,10,cube13_cluster0,16.67,41.67,58.33,16.67,2.253514338452689,16.67,10,cube13_cluster0,16.67,cube4_cluster0,16.67,cube66_cluster0,8.33
702674,CH,55,28,cube4_cluster0,18.18,30.9,41.800000000000004,18.18,3.0727300893414293,18.18,28,cube4_cluster0,18.18,cube22_cluster0,7.27,cube13_cluster0,5.45
702674,CU,25,19,cube4_cluster0,16.0,32.0,44.0,16.0,2.83071340375463,16.0,19,cube4_cluster0,16.0,cube24_cluster1,8.0,cube5_cluster0,8.0
702674,FF,140,43,cube4_cluster0,14.29,30.72,42.15,14.29,3.336328409766432,14.29,43,cube4_cluster0,14.29,cube13_cluster0,8.57,cube5_cluster0,7.86
702674,SL,60,28,cube4_cluster0,13.33,33.33,45.0,13.33,3.0611803080932227,13.33,28,cube4_cluster0,13.33,cube5_cluster0,11.67,cube13_cluster0,8.33
808967,CU,119,39,cube4_cluster0,10.92,30.240000000000002,42.00000000000001,10.92,3.2796950192224537,10.92,39,cube4_cluster0,10.92,cube22_cluster0,10.08,cube12_cluster0,9.24
808967,FC,84,33,cube4_cluster0,16.67,32.14,41.66,16.67,3.1535949820192632,16.67,33,cube4_cluster0,16.67,cube5_cluster0,9.52,cube3_cluster0,5.95
808967,FF,294,47,cube4_cluster0,14.29,29.93,40.13,14.29,3.386924379786146,14.29,47,cube4_cluster0,14.29,cube5_cluster0,8.5,cube22_cluster0,7.14
808967,FS,147,46,cube4_cluster0,13.61,28.57,39.449999999999996,13.61,3.426970167398825,13.61,46,cube4_cluster0,13.61,cube3_cluster0,7.48,cube22_cluster0,7.48
808967,SI,21,12,cube4_cluster0,38.1,57.14,66.66,38.1,2.119871030170767,38.1,12,cube4_cluster0,38.1,cube23_cluster1,9.52,cube5_cluster0,9.52
808967,SL,7,7,cube4_cluster0,14.29,42.87,71.44999999999999,14.29,1.9461938771045295,14.29,7,cube4_cluster0,14.29,cube6_cluster0,14.29,cube23_cluster0,14.29
808967,ST,7,7,cube23_cluster0,14.29,42.87,71.44999999999999,14.29,1.9461938771045295,14.29,7,cube23_cluster0,14.29,cube65_cluster0,14.29,cube4_cluster0,14.29
