claim_id,claim,used_in,bib_key,locator,keywords,source_file,status,check1,check2,check3,notes
T01,Definition of a topological space (open-set axioms),presi Topological Foundations,munkres2000topology,"munkres2000topology: page TBD (Will, check 3)",,,MANUAL,,,,Deck frame 6 wording 47% overlap with Madukpe review; rewrite in own words. Munkres is a book cite (Will has a copy)
T02,Subspace topology definition,presi Subspace Topology and Pairs,hoehn2018notes,"hoehn2018notes: wording source, PDF p3",,,MANUAL,,,,Deck frame 7 follows Hoehn (54% overlap). Cite Munkres (page TBD) for the definition; rewrite wording
T03,Pairs of spaces and maps of pairs,presi Subspace Topology and Pairs,hoehn2018notes,"hoehn2018notes: wording source, PDF p3",,,PENDING,,,,Pairs/pointed spaces: deck wording is Hoehn p3; Hatcher only has CW pairs. Pointed spaces unused in the talk - consider cutting
T04,Homotopy relative to a subspace,presi Introduction to Homotopy,hatcher2002;hoehn2018notes,"hatcher2002: Ch. 0, p. 3 (PDF p12) | hoehn2018notes: wording source, PDF p3",homotopy rel;relative;deformation retraction,,PENDING,done 2026-09-28 (anchor+keywords verified on page),,,Wording on deck frame 8 follows Hoehn lecture notes (74% 6-gram overlap); rewrite in own words and cite Hatcher
T05,Homotopy rel A is an equivalence relation,presi Introduction to Homotopy,hatcher2002;hoehn2018notes,"hatcher2002: Ch. 0, p. 3 (PDF p12) | hoehn2018notes: wording source, PDF p3",equivalence relation;homotopy equivalent,,PENDING,done 2026-09-28 (anchor+keywords verified on page),,,MISMATCH: Hatcher states homotopy EQUIVALENCE of spaces is an equivalence relation; deck's 'homotopic rel A is an equivalence relation on maps' is Hoehn Prop 1.1 (lecture notes). Cut the proposition or cite Hoehn
T06,Homotopy equivalence of spaces,presi Homotopic Equivalence,hatcher2002;hoehn2018notes,"hatcher2002: Ch. 0, p. 3 (PDF p12) | hoehn2018notes: wording source, PDF p4",homotopy equivalence;homotopy type,,PENDING,done 2026-09-28 (anchor+keywords verified on page),,,Wording on deck frame 9 follows Hoehn (46% overlap); rewrite
T07,Contractible = homotopy equivalent to a point,presi Homotopic Equivalence,hatcher2002;hoehn2018notes,"hatcher2002: Ch. 0, p. 4 (PDF p13) | hoehn2018notes: wording source, PDF p4",contractible;nullhomotopic,,PENDING,done 2026-09-28 (anchor+keywords verified on page),,,
T08,Definition of an n-simplex,presi n-Simplices,hatcher2002;mohnhaupt2023;borsuk1948,"hatcher2002: Sec. 2.1, p. 103 (PDF p112) | mohnhaupt2023: Def. 2.1.2, p. 4 (PDF p14) | borsuk1948: Sec. 2, p. 219 (simplex = minimal convex set spanned by linearly independent points) [VISUAL]",simplex;convex;hyperplane | convex hull;general position;faces,,PENDING,done 2026-09-28 (anchor+keywords verified on page),,,Gives the precise definition the advisor asked for (convex hull of n+1 affinely independent points)
T09,Face of a simplex,presi Simplicial Complexes,mohnhaupt2023;borsuk1948,"mohnhaupt2023: Def. 2.1.2, p. 4 (PDF p14) | borsuk1948: Sec. 2, p. 219 (face) [VISUAL]",faces;vertices,,PENDING,done 2026-09-28 (anchor+keywords verified on page),,,Secondary source (BSc thesis); add Hatcher Sec. 2.1 face definition in check 2 if found
T10,Definition of a simplicial complex (closed under faces; intersections are faces),presi Simplicial Complexes,edelsbrunnerletscherzomorodian2002;mohnhaupt2023;borsuk1948,"edelsbrunnerletscherzomorodian2002: Sec. 2, p. 513 (PDF p3) | mohnhaupt2023: Def. 2.1.3, p. 4 (PDF p14) | borsuk1948: Sec. 2, p. 219 (simplicial complex) [VISUAL]",simplicial complex;subcomplex | simplicial complex,,PENDING,done 2026-09-28 (anchor+keywords verified on page),,,
T11,Nerve of a cover,presi Nerve,hatcher2002;mohnhaupt2023;borsuk1948,"hatcher2002: Sec. 3.3, p. 256 (PDF p265) | mohnhaupt2023: Def. 2.1.8, p. 5 (PDF p15) | borsuk1948: Sec. 4, p. 224 (nerve credited to Alexandroff, Math. Ann. 98 (1928) p. 634, fn. 4) [VISUAL]",nerve;open cover;nonempty intersection | nerve;covering,,PENDING,done 2026-09-28 (anchor+keywords verified on page),,,Hatcher's is for open covers; deck frame 12 wording 19% overlap with Madukpe review. LEAD: Alexandroff 1928 (Math. Ann. 98) is the original nerve source per Borsuk fn. 4 - locate
T12,Nerve theorem statement and hypotheses,presi The Nerve Theorem,bauerkerberrollrolle2023;hatcher2002;borsuk1948,"bauerkerberrollrolle2023: Thm 3.9, p. 20 (PDF p20) | bauerkerberrollrolle2023: Table 1, p. 5 (PDF p5) | hatcher2002: Cor. 4G.3, p. 459 (PDF p468) | borsuk1948: Sec. 9 Corollary 3, p. 234 (scan 10 left); decomposition defined Sec. 4 p. 224; intro p. 217 describes 'regular' (AR sets with AR intersections) [VISUAL, image-only scan]",closed convex;homotopy equivalences;nrv | finite;convex | paracompact;contractible;nerve,,MANUAL,done 2026-09-28 (Bauer/Hatcher by text; Borsuk read visually),,,"DECK FIX: deck mixes closed-convex and open-cover versions. State one: finite closed convex cover of X in R^d (Bauer et al. Thm 3.9) or open cover of paracompact X with contractible finite intersections (Hatcher 4G.3). Original: Borsuk 1948 (scan, no text layer) -> MANUAL. Borsuk: explicit definition of 'regular decomposition' NOT located in visual pass of all 10 spreads - Will to confirm"
T13,Deck note: nerve theorem ensures the Mapper graph preserves components and loops,presi The Nerve Theorem (Note),,,,,UNSUPPORTED,,,,"CONTRADICTED by our nerve_homology result and Dey-Memoli-Wang 2017 (Mapper can only lose H1; graph = 1-skeleton). Reword on deck rewrite. Correct statement: Mapper nerve can only lose H1 (Dey-Memoli-Wang Thm 8/18, T21); nerve theorem needs a good cover"
T14,Definition of the Reeb graph,presi Reeb Graphs,carriereoudot2018,"carriereoudot2018: Sec. 1, p. 1334 (PDF p2)",reeb graph;levelset;quotient space;connected component,,PENDING,done 2026-09-28 (anchor+keywords verified on page),,,Modern definition; Reeb 1946 original still LOCATING
T15,Mapper is a discrete approximation of the Reeb graph,presi Reeb Graphs (Note),carrieremicheloudot2018,"carrieremicheloudot2018: Abstract, p. 1 (PDF p1)",mapper;reeb graph;estimator,,PENDING,done 2026-09-28 (anchor+keywords verified on page),,,1-D lens result. For the 2-D lens used here cite Munch-Wang (T20)
T16,Torus Reeb graph example (figure),presi Torus Example,,,,Pictures/reeb_graph.png,UNSUPPORTED,,,,"Origin unknown (Will, 2026-09-24); replace with our own figure (TikZ/matplotlib) on deck rewrite"
T17,Pullback cover and topological graph / Mapper as nerve of pullback cover,presi Topological Graphs,singh2007mapper,"singh2007mapper: Sec. 2.1, no printed page on PDF (PDF p3)",path connected components;covering,,PENDING,done 2026-09-28 (anchor+keywords verified on page),,,DECK FIX: deck's topological-graph definition omits splitting each preimage into path-connected components; Singh et al. include it (also Dey-Memoli-Wang Def 14)
T18,Betti numbers (b0 components; b1 loops; b1 = E - V + C for a graph),planned homology slide,hatcher2002,"hatcher2002: Sec. 2.1, p. 130 (PDF p139)",betti number;torsion,,PENDING,done 2026-09-28 (anchor+keywords verified on page),,,b1 = E - V + C for graphs still needs a locator
T19,Persistent homology and persistence diagrams,planned PH slide,edelsbrunnerletscherzomorodian2002;zomorodiancarlsson2005,"edelsbrunnerletscherzomorodian2002: Sec. 3, Eq. (3), p. 517 (PDF p7) | zomorodiancarlsson2005: Abstract, p. 249 (PDF p1)",persistent;homology group;betti number | persistent homology,,PENDING,done 2026-09-28 (anchor+keywords verified on page),,,
T20,Definition of the Reeb space for a map to R^k,planned Reeb space slide,munchwang2016;edelsbrunnerharerpatel2008,"munchwang2016: Sec. 2, 53:3 (PDF p3) | edelsbrunnerharerpatel2008: Abstract, p. 242 if copy matches published (PDF p1)",reeb space;quotient;path connected | reeb space;preimage,,PENDING,done 2026-09-28 (anchor+keywords verified on page),,,Confirm the EHP copy matches SoCG 2008 pp. 242-250
T21,Nerve map induces a surjection on H1 for path-connected covers (Thm 8); Mapper version b1(Mapper) <= b1(X) (Thm 18),results cycles slide; DISCOVERY_FINDINGS,deymemoliwang2017;deymemoliwang2017socg,"deymemoliwang2017: Thm 8, arXiv v1 (PDF p6) | deymemoliwang2017: Thm 18, arXiv v1 (PDF p9) | deymemoliwang2017socg: Thm 18 (published), 36:8 (PDF p8)",surjection;path connected | surjection;path con | surjection,DeyMemoliWang2017_arXiv1703.07387.pdf,PENDING,done 2026-09-28 (anchor+keywords verified on page),,,"Same theorem numbers in arXiv v1 and LIPIcs version. Z2 coefficients, X compact, well-behaved f"
T22,Quotient onto the Reeb space is surjective on H1,results cycles slide (optional),deymemoliwang2017,Claim 4.2 in proof of Thm 27 (Sec 4),surjection;Reeb,same as T21,PENDING,partial,,,Confirm hypotheses of Sec 4 before use
M01,Lens/filter function definition,presi Step 1,singh2007mapper,"singh2007mapper: Sec. 3, no printed page on PDF (PDF p4)",filter;point cloud,,PENDING,done 2026-09-28 (anchor+keywords verified on page),,,
M02,PCA is the most popular lens choice in the TDA literature,presi Step 1 (Note),madukpe2026review,"madukpe2026review: Sec. 2 (lens usage summary), p. 10 (PDF p10)",most commonly used;filter function,,PENDING,done 2026-09-28 (anchor+keywords verified on page),,,SUPPORTED but scope it: 'most common lens among the applications reviewed by Madukpe et al.'
M03,PCA as variance-maximizing orthogonal projection,presi PCA,,,,,PENDING,,,,Jolliffe-Cadima 2016 candidate
M04,Why mean-center before PCA,presi PCA Setup,jolliffecadima2016,"jolliffecadima2016: Sec. 2, p. 3 (PDF p3)",centred;covariance matrix,,PENDING,done 2026-09-28 (anchor+keywords verified on page),,,"Justification for mean-centring: covariance matrix unchanged, and (n-1)S = X*'X* links PCA to the SVD (Eq. 2.2)"
M05,Sample covariance matrix; symmetric positive semidefinite,presi Covariance Matrix,,,,,PENDING,,,,Standard; may not need citation
M06,Spectral theorem for real symmetric matrices,presi Spectral Theorem,,,,,PENDING,,,,Slide to be cut per advisor; cite only if kept (e.g. Axler LADR open access)
M07,PCA is never computed by eigendecomposition; SVD used for numerical stability,presi PCA Notes,jolliffecadima2016,"jolliffecadima2016: Sec. 1, p. 2 (PDF p2)",eigenproblem;singular value decomposition,,PENDING,done 2026-09-28 (anchor+keywords verified on page),,,DECK FIX: 'never computed by eigendecomposition' is not supported; source says PCA is obtained from EITHER the eigenproblem OR the SVD
M08,SVD theorem and singular vectors as eigenvectors of AA^T and A^TA,presi SVD,,,,,PENDING,,,,Standard; rank(A)=n hypothesis in deck is unnecessary
M09,Eigenvalues of covariance = sigma_i^2/(m-1),presi Application of SVD,jolliffecadima2016,"jolliffecadima2016: Sec. 2, Eqs. (2.2)-(2.3), p. 3 (PDF p3)",eigendecomposition;singular value decomposition;right singular vectors,,PENDING,done 2026-09-28 (anchor+keywords verified on page),,,lambda_i = sigma_i^2/(n-1) follows from Eq. (2.2); confirm explicit statement in check 2
M10,Truncated SVD gives best rank-k approximation (Frobenius),presi Projections,axler2024ladr,"axler2024ladr: Thm 7.92, p. 284 (PDF p298)",best approximation;singular values,,PENDING,done 2026-09-28 (anchor+keywords verified on page),,,"DECK FIX: Axler's result is in the OPERATOR norm (error s_{k+1}); deck claims Frobenius (Eckart-Young, unavailable). Restate in operator norm or find a Frobenius source"
M11,Proportion / cumulative variance explained,presi Explained Variance,jolliffecadima2016,"jolliffecadima2016: Sec. 2, Eq. (2.6), p. 4 (PDF p4)",proportion of total variance;trace,,PENDING,done 2026-09-28 (anchor+keywords verified on page),,,
M12,Scree plot elbow heuristic for choosing k,presi Selecting k,,,,,PENDING,,,,Jolliffe-Cadima or Cattell 1966
M13,Cover by overlapping hypercubes; n_cubes and overlap as parameters,presi Step 2,vanveen2019keplermapper,"vanveen2019keplermapper: Functionality, p. 2 (PDF p2)",cover;nerve;clustering,,PENDING,done 2026-09-28 (anchor+keywords verified on page),,,Hypercube cover with n_cubes/perc_overlap: add KeplerMapper docs page (web source) in Theme E
M14,Mapper output depends strongly on cover parameters,presi Step 2 (Parameterization),carrieremicheloudot2018,"carrieremicheloudot2018: Abstract, p. 1 (PDF p1)",parameters;grid;stable,,PENDING,done 2026-09-28 (anchor+keywords verified on page),,,"Also Madukpe p. 16 (clustering-parameter sensitivity, their ref [82])"
M15,DBSCAN chosen for its popularity across Mapper applications,presi Step 3,madukpe2026review,"madukpe2026review: Sec. 2 (clustering usage summary), p. 10 (PDF p10)",hierarchical;dbscan,,PENDING,done 2026-09-28 (anchor+keywords verified on page),,,"DECK FIX: HACA is most common, DBSCAN second (Madukpe p. 10). Reword, and state our actual reason (noise handling, no preset k)"
M16,DBSCAN: eps-neighborhood; directly density-reachable (core condition),presi Density Reachable,ester1996dbscan,"ester1996dbscan: Def. 1, p. 227 (PDF p2) | ester1996dbscan: Def. 2, p. 228 (PDF p3)",eps-neighborhood | directly density-reachable;minpts;core point,DBSCAN.pdf,MANUAL,done 2026-09-28 (anchor+keywords verified on page),,,DECK FIX: define N_eps (Def. 1) before use (advisor). OCR scan renders <= as '_<' and >= as '>': Will must confirm the inequalities on the page image
M17,DBSCAN: density-reachable and density-connected,presi Density Reachable / Connectivity,ester1996dbscan,"ester1996dbscan: Def. 3, p. 228 (PDF p3) | ester1996dbscan: Def. 4, p. 228 (PDF p3)",density-reachable;chain | density-connected,DBSCAN.pdf,MANUAL,done 2026-09-28 (anchor+keywords verified on page),,,"DECK FIX: density-reachable chain direction reversed on deck (Ester: p1 = q, pn = p); x/p notation mixed; density-connected drops 'from z'"
M18,DBSCAN: cluster (maximality + connectivity) and noise,presi Connectivity / Noise,ester1996dbscan,"ester1996dbscan: Def. 5, p. 228 (PDF p3) | ester1996dbscan: Def. 6, p. 228 (PDF p3)",maximality;connectivity | noise;minpts,DBSCAN.pdf,MANUAL,done 2026-09-28 (anchor+keywords verified on page),,,DECK FIX: maximality drops 'from x'. Advisor Q answered: per-cluster Eps_i/MinPts_i is Ester's own notation in Def. 6; standard DBSCAN uses one global pair - say so
M19,DBSCAN lemma: cluster = set density-reachable from any core point,presi Noise and Uniqueness,ester1996dbscan,"ester1996dbscan: Lemma 2, p. 228 (PDF p3)",core point;density-reachable,DBSCAN.pdf,MANUAL,done 2026-09-28 (anchor+keywords verified on page),,,DECK FIX: lemma drops 'from x'
M20,DBSCAN pseudocode,presi DBSCAN Algorithm,ester1996dbscan,,,DBSCAN.pdf,PENDING,,,,Deck reproduces the paper's pseudocode; cite and confirm fidelity
M21,Mapper graph construction (nodes = clusters; edges = nonempty intersections),presi Building the Graph,singh2007mapper,"singh2007mapper: Sec. 2.1, no printed page on PDF (PDF p3)",path connected components;covering,mapperPBG.pdf,PENDING,done 2026-09-28 (anchor+keywords verified on page),,,
M22,KeplerMapper: sklearn-compatible; part of scikit-tda,presi KeplerMapper,vanveen2019keplermapper,"vanveen2019keplermapper: Summary, p. 1 (PDF p1)",scikit-learn;clustering;scaling,,PENDING,done 2026-09-28 (anchor+keywords verified on page),,,'part of scikit-tda' not in the paper: needs KeplerMapper docs/GitHub (web source)
M23,KeplerMapper logo image,presi KeplerMapper,,,,Pictures/keplermapper.png,UNSUPPORTED,,,,"Origin unknown (Will, 2026-09-24); replace with our own figure (TikZ/matplotlib) on deck rewrite"
M24,Mapper flowchart image,presi Overview,,,,Pictures/mapper_flow_chart.png,UNSUPPORTED,,,,"Origin unknown (Will, 2026-09-24); replace with our own figure (TikZ/matplotlib) on deck rewrite"
M25,Simplex examples image,presi n-Simplices,,,,Pictures/simplex.png,UNSUPPORTED,,,,"Origin unknown (Will, 2026-09-24); replace with our own figure (TikZ/matplotlib) on deck rewrite"
R01,Mapper stability/parameter-selection approach (grid + resampling),results 'is it real?',carrieremicheloudot2018,"carrieremicheloudot2018: Abstract, p. 1 (PDF p1)",grid of parameters;stable,,PENDING,done 2026-09-28 (anchor+keywords verified on page),,,Our grid + resampling is the brute-force approach they describe; they propose an alternative. Cite honestly as such
R02,Null-model hypothesis testing in TDA,results 'is it real?',,,,,PENDING,,,,Candidates: Blumberg et al. 2014; Robinson-Turner 2017; Fasy et al. 2014
R03,Vietoris-Rips persistence computed with Ripser,results cycles slide,bauer2021ripser,"bauer2021ripser: Abstract, arXiv v2 (PDF p1)",ripser;barcodes,,PENDING,done 2026-09-28 (anchor+keywords verified on page),,,"Preprint; published version (JACT, OA) to download manually for any pinpoint"
R04,TwoNN intrinsic dimension estimator,results dimension slide,facco2017twonn,"facco2017twonn: Abstract, no printed page (PDF p1)",intrinsic dimension;nearest neighbor,,PENDING,done 2026-09-28 (anchor+keywords verified on page),,,
R05,Levina-Bickel MLE intrinsic dimension (with MacKay-Ghahramani averaging),results dimension slide,levinabickel2004,"levinabickel2004: Abstract, p. 1 (PDF p1)",maximum likelihood;intrinsic dimension,,PENDING,done 2026-09-28 (anchor+keywords verified on page),,,MacKay-Ghahramani averaging note still LOCATING (grey literature)
R06,Isomap lens,results lens robustness,,,,,PENDING,,,,Tenenbaum-de Silva-Langford 2000 (likely paywalled)
R07,scikit-learn implementations (PCA/DBSCAN/Isomap),methods,pedregosa2011sklearn,"pedregosa2011sklearn: Abstract, p. 2825 (PDF p1)",scikit-learn;python,,PENDING,done 2026-09-28 (anchor+keywords verified on page),,,
R08,Applied Mapper work rarely checks graph features against null models,results framing,carrieremicheloudot2018;madukpe2026review,"carrieremicheloudot2018: Abstract, p. 1 (PDF p1) | madukpe2026review: Sec. 3, p. 16 (PDF p16)",parameters;stable | stability;dbscan,,PENDING,done 2026-09-28 (anchor+keywords verified on page),,,"DECK FIX: 'rarely checks against nulls' is NOT supported (review covers stability, not null models). Reword: stability studies exist (CMO; Madukpe p. 15-16); null-model testing adapted from persistence hypothesis-testing literature (R02)"
R09,omega-squared effect size,backup ANOVA slide,,,,,PENDING,,,,Candidate: Olejnik-Algina 2003 or Hays; only if slide kept
B01,Statcast field definitions (pfx_x/pfx_z movement; spin axis; extension; release position),baseball primer,,,,,PENDING,,,,Baseball Savant CSV documentation (web source + access date)
B02,Statcast pitch-type codes (FF SI FC SL ST CU CH FS etc.),baseball primer,,,,,PENDING,,,,Baseball Savant documentation
B03,Statcast added sweeper and slurve labels in 2023,intro hook,,,,,PENDING,,,,HIGH RISK: needs dated official MLB/Savant source
B04,"FF/SI, CH/FF, FC/FF, CU/ST, SL/ST are pairs pitch classifiers are known to confuse",results 'labels cut a continuum',,,,,PENDING,,,,HIGH RISK: unsourced; find evidence or reword to our adjacency result + observed Statcast reclassifications
B05,Data pulled with pybaseball,methods,,,,,PENDING,,,,Software citation (GitHub/PyPI; version 2.2.7)
L01,Mapper introduced by Singh-Memoli-Carlsson 2007,intro / related work,singh2007mapper,"singh2007mapper: Title page, no printed page on PDF (PDF p1)",mapper;point-based graphics,mapperPBG.pdf,PENDING,done 2026-09-28 (anchor+keywords verified on page),,,
L02,Mapper applications (e.g. Lum et al. 2013),related work,lum2013extracting,,,extracting_insights_tda.pdf,PENDING,,,,Confirm DOI/volume from Crossref
L03,Survey of Mapper applications 2007-2025,related work,madukpe2026review,,,s41060-025-00971-0.pdf,PENDING,,,,Cite published version (IJDSA 21:56); mapperOverview.pdf is the preprint duplicate
L04,TDA / Mapper in sports analytics,related work,,,,,PENDING,,,,To search; do not cite until full text read
L05,Pitch classification literature,related work,,,,,PENDING,,,,To search; do not cite until full text read
